movie_id,title,release_date,genres,director,actors,producers,budget,revenue,popularity,vote_average,vote_count,production_companies
671,Harry Potter and the Philosopher's Stone,2001-11-16,"Adventure, Fantasy",Chris Columbus,"Daniel Radcliffe, Rupert Grint, Emma Watson, Richard Harris, Tom Felton",David Heyman,125000000,976475550,29.2205,7.898,29389,[]
118340,Guardians of the Galaxy,2014-07-30,"Action, Science Fiction, Adventure",James Gunn,"Chris Pratt, Zoe Saldaña, Dave Bautista, Vin Diesel, Bradley Cooper",Kevin Feige,170000000,772776600,8.4213,7.905,29532,[]
68718,Django Unchained,2012-12-25,"Drama, Western",Quentin Tarantino,"Jamie Foxx, Christoph Waltz, Leonardo DiCaprio, Kerry Washington, Samuel L. Jackson","Stacey Sher, Reginald Hudlin",100000000,425368238,12.7166,8.19,27826,[]
299534,Avengers: Endgame,2019-04-24,"Adventure, Science Fiction, Action",Anthony Russo,"Robert Downey Jr., Chris Evans, Mark Ruffalo, Chris Hemsworth, Scarlett Johansson",Kevin Feige,356000000,2799439100,33.4678,8.234,27485,[]
680493,Return to Silent Hill,2026-01-21,"Mystery, Drama, Horror",Christophe Gans,"Jeremy Irvine, Hannah Emily Anderson, Evie Templeton, Pearse Egan, Nicola Alexis","Victor Hadida, Molly Hassell",23000000,47372551,98.7428,5.0,330,[]
1193501,Whistle,2026-01-20,"Horror, Mystery",Corin Hardy,"Dafne Keen, Sophie Nélisse, Sky Yang, Jhaleil Swaby, Alissa Skovbye","David Gross, Macdara Kelleher",2000000,4633854,116.757,6.0,238,[]
634649,Spider-Man: No Way Home,2021-12-15,"Action, Adventure, Science Fiction",Jon Watts,"Tom Holland, Zendaya, Benedict Cumberbatch, Jacob Batalon, Jon Favreau","Kevin Feige, Amy Pascal",200000000,1921847111,72.9939,7.934,21778,[]
1266127,Ready or Not: Here I Come,2026-03-19,"Horror, Comedy",Matt Bettinelli-Olpin,"Samara Weaving, Kathryn Newton, Elijah Wood, Sarah Michelle Gellar, Shawn Hatosy","Tripp Vinson, James Vanderbilt",14000000,37552874,73.808,7.2,164,[]
1771,Captain America: The First Avenger,2011-07-22,"Action, Adventure, Science Fiction",Joe Johnston,"Chris Evans, Hayley Atwell, Sebastian Stan, Tommy Lee Jones, Hugo Weaving",Kevin Feige,140000000,370569774,6.8196,7.005,22600,[]
272,Batman Begins,2005-06-10,"Drama, Crime, Action",Christopher Nolan,"Christian Bale, Michael Caine, Liam Neeson, Katie Holmes, Gary Oldman","Emma Thomas, Charles Roven",150000000,374218673,12.09,7.722,22434,[]
10195,Thor,2011-04-21,"Adventure, Fantasy, Action",Kenneth Branagh,"Chris Hemsworth, Natalie Portman, Tom Hiddleston, Anthony Hopkins, Stellan Skarsgård",Kevin Feige,150000000,449326618,11.6715,6.769,22215,[]
14160,Up,2009-05-28,"Animation, Comedy, Family, Adventure",Pete Docter,"Ed Asner, Christopher Plummer, Jordan Nagai, Bob Peterson, Delroy Lindo",Jonas Rivera,175000000,735103954,15.0515,7.959,21520,[]
286217,The Martian,2015-09-30,"Science Fiction, Drama, Adventure",Ridley Scott,"Matt Damon, Jessica Chastain, Kristen Wiig, Jeff Daniels, Michael Peña","Aditya Sood, Simon Kinberg",108000000,631058917,16.5289,7.694,21039,[]
102899,Ant-Man,2015-07-14,"Science Fiction, Adventure, Action",Peyton Reed,"Paul Rudd, Michael Douglas, Evangeline Lilly, Corey Stoll, Bobby Cannavale",Kevin Feige,130000000,519311965,9.7906,7.066,20753,[]
278,The Shawshank Redemption,1994-09-23,"Drama, Crime",Frank Darabont,"Tim Robbins, Morgan Freeman, Bob Gunton, William Sadler, Clancy Brown",Niki Marvin,25000000,28341469,41.2695,8.718,30100,[]
533535,Deadpool & Wolverine,2024-07-24,"Action, Comedy, Science Fiction",Shawn Levy,"Ryan Reynolds, Hugh Jackman, Emma Corrin, Matthew Macfadyen, Dafne Keen","Ryan Reynolds, Lauren Shuler Donner",200000000,1338073645,30.8608,7.557,8454,[]
209112,Batman v Superman: Dawn of Justice,2016-03-23,"Action, Adventure, Fantasy",Zack Snyder,"Ben Affleck, Henry Cavill, Jesse Eisenberg, Gal Gadot, Amy Adams","Charles Roven, Deborah Snyder",250000000,874362803,14.4271,5.992,18868,[]
24,Kill Bill: Vol. 1,2003-10-10,"Action, Crime",Quentin Tarantino,"Uma Thurman, Lucy Liu, Vivica A. Fox, Daryl Hannah, David Carradine","Lawrence Bender, Katsuji Morishita",30000000,180906076,13.7499,7.972,18768,[]
101299,The Hunger Games: Catching Fire,2013-11-15,"Adventure, Action, Science Fiction",Francis Lawrence,"Jennifer Lawrence, Josh Hutcherson, Liam Hemsworth, Woody Harrelson, Elizabeth Banks","Nina Jacobson, Jon Kilik",130000000,865011746,8.4764,7.428,18323,[]
381288,Split,2017-01-19,"Horror, Thriller",M. Night Shyamalan,"James McAvoy, Anya Taylor-Joy, Haley Lu Richardson, Jessica Sula, Betty Buckley","Jason Blum, M. Night Shyamalan",9000000,278454358,13.3207,7.341,18229,[]
198663,The Maze Runner,2014-09-10,"Action, Mystery, Science Fiction, Thriller",Wes Ball,"Dylan O'Brien, Kaya Scodelario, Thomas Brodie-Sangster, Ki Hong Lee, Will Poulter","Lindsay Williams, Lee Stollman",34000000,348319861,13.9968,7.189,17989,[]
313369,La La Land,2016-12-01,"Comedy, Drama, Romance",Damien Chazelle,"Ryan Gosling, Emma Stone, John Legend, Rosemarie DeWitt, Finn Wittrock","Jordan Horowitz, Marc Platt",30000000,509183536,15.0667,7.899,17980,[]
18785,The Hangover,2009-06-02,Comedy,Todd Phillips,"Bradley Cooper, Ed Helms, Zach Galifianakis, Justin Bartha, Heather Graham","Daniel Goldberg, Todd Phillips",35000000,469310836,11.8961,7.33,17965,[]
1241982,Moana 2,2024-11-21,"Animation, Adventure, Family, Comedy, Fantasy",David G. Derrick Jr.,"Auliʻi Cravalho, Dwayne Johnson, Hualālai Chung, Rose Matafeo, David Fane","Christina Chen, Yvett Merino",150000000,1059242164,25.766,6.994,3017,[]
14836,Coraline,2009-02-05,"Animation, Family, Fantasy",Henry Selick,"Dakota Fanning, Teri Hatcher, Jennifer Saunders, Dawn French, Keith David","Claire Jennings, Harry Linden",60000000,185860104,25.3623,7.9,8861,[]
575265,Mission: Impossible - The Final Reckoning,2025-05-17,"Action, Thriller, Adventure",Christopher McQuarrie,"Tom Cruise, Hayley Atwell, Ving Rhames, Simon Pegg, Esai Morales","Jake Myers, Christopher McQuarrie",400000000,598767057,25.147,7.163,2700,[]
177572,Big Hero 6,2014-10-24,"Adventure, Family, Animation, Action, Comedy",Chris Williams,"Scott Adsit, Ryan Potter, Daniel Henney, T.J. Miller, Jamie Chung",Roy Conli,165000000,657870525,16.4554,7.724,16475,[]
72190,World War Z,2013-06-19,"Action, Horror, Science Fiction, Thriller",Marc Forster,"Brad Pitt, Mireille Enos, Daniella Kertesz, James Badge Dale, Ludi Boeken","Brad Pitt, Ian Bryce",200000000,531865000,12.3976,6.825,16390,[]
558,Spider-Man 2,2004-06-25,"Action, Adventure, Science Fiction",Sam Raimi,"Tobey Maguire, Kirsten Dunst, James Franco, Alfred Molina, Rosemary Harris","Avi Arad, Laura Ziskin",200000000,788976453,6.582,7.303,16212,[]
127585,X-Men: Days of Future Past,2014-05-15,"Action, Adventure, Science Fiction",Bryan Singer,"Hugh Jackman, James McAvoy, Michael Fassbender, Patrick Stewart, Ian McKellen","Bryan Singer, Simon Kinberg",250000000,748045700,9.3181,7.53,16147,[]
77,Memento,2000-10-11,"Mystery, Thriller",Christopher Nolan,"Guy Pearce, Carrie-Anne Moss, Joe Pantoliano, Mark Boone Junior, Russ Fega","Suzanne Todd, Jennifer Todd",9000000,40060108,12.9179,8.2,16082,[]
118,Charlie and the Chocolate Factory,2005-07-13,"Adventure, Comedy, Family, Fantasy",Tim Burton,"Johnny Depp, Freddie Highmore, David Kelly, Helena Bonham Carter, Noah Taylor","Richard D. Zanuck, Brad Grey",150000000,475000000,9.6576,7.038,16029,[]
150540,Inside Out,2015-06-17,"Animation, Family, Adventure, Drama, Comedy",Pete Docter,"Amy Poehler, Phyllis Smith, Richard Kind, Bill Hader, Lewis Black",Jonas Rivera,175000000,857611174,21.7661,7.91,23326,[]
858024,Hamnet,2025-11-26,"Drama, Romance, History",Chloé Zhao,"Jessie Buckley, Paul Mescal, Emily Watson, Joe Alwyn, Jacobi Jupe","Liza Marshall, Sam Mendes",35000000,100600000,25.2763,7.7,1217,[]
1175942,The Bad Guys 2,2025-07-24,"Family, Comedy, Crime, Adventure, Animation",Pierre Perifel,"Sam Rockwell, Marc Maron, Awkwafina, Craig Robinson, Anthony Ramos",Damon Ross,80000000,239449449,20.9488,7.664,740,[]
429617,Spider-Man: Far From Home,2019-06-28,"Action, Adventure, Science Fiction",Jon Watts,"Tom Holland, Jake Gyllenhaal, Samuel L. Jackson, Marisa Tomei, Jon Favreau","Kevin Feige, Amy Pascal",160000000,1132723226,21.6446,7.396,16823,[]
1895,Star Wars: Episode III - Revenge of the Sith,2005-05-17,"Adventure, Action, Science Fiction",George Lucas,"Hayden Christensen, Ewan McGregor, Natalie Portman, Ian McDiarmid, Samuel L. Jackson",Rick McCallum,113000000,850000000,7.5496,7.463,14812,[]
466272,Once Upon a Time... in Hollywood,2019-07-24,"Comedy, Drama, Thriller",Quentin Tarantino,"Leonardo DiCaprio, Brad Pitt, Margot Robbie, Emile Hirsch, Margaret Qualley","David Heyman, Shannon McIntosh",95000000,392105159,14.7824,7.424,14718,[]
769,GoodFellas,1990-09-12,"Drama, Crime",Martin Scorsese,"Robert De Niro, Ray Liotta, Joe Pesci, Lorraine Bracco, Paul Sorvino",Irwin Winkler,25000000,47072327,21.555,8.453,14196,[]
425,Ice Age,2002-03-14,"Animation, Comedy, Family, Adventure",Chris Wedge,"Ray Romano, John Leguizamo, Denis Leary, Goran Višnjić, Jack Black",Lori Forte,59000000,383257136,13.1089,7.37,14180,[]
264660,Ex Machina,2015-01-21,"Drama, Science Fiction",Alex Garland,"Domhnall Gleeson, Alicia Vikander, Oscar Isaac, Sonoya Mizuno, Corey Johnson","Allon Reich, Andrew Macdonald",15000000,36869414,7.1562,7.574,14150,[]
541671,Ballerina,2025-06-04,"Action, Thriller, Crime",Len Wiseman,"Ana de Armas, Keanu Reeves, Ian McShane, Anjelica Huston, Gabriel Byrne","Basil Iwanyk, Erica Lee",90000000,137408107,19.8377,7.239,2476,[]
4935,Howl's Moving Castle,2004-09-09,"Fantasy, Animation, Adventure",Hayao Miyazaki,"Chieko Baisho, Takuya Kimura, Akihiro Miwa, Tatsuya Gashûin, Ryunosuke Kamiki","Toshio Suzuki, Tomohiko Ishii",24000000,236049757,21.205,8.388,10953,[]
862,Toy Story,1995-11-22,"Family, Comedy, Animation, Adventure",John Lasseter,"Tom Hanks, Tim Allen, Don Rickles, Jim Varney, Wallace Shawn","Bonnie Arnold, Ralph Guggenheim",30000000,401157969,18.8242,7.971,19727,[]
106646,The Wolf of Wall Street,2013-12-25,"Crime, Drama, Comedy",Martin Scorsese,"Leonardo DiCaprio, Jonah Hill, Margot Robbie, Matthew McConaughey, Kyle Chandler","Riza Aziz, Leonardo DiCaprio",100000000,407038432,18.1032,8.028,25724,[]
1315303,Primate,2026-01-01,"Horror, Thriller",Johannes Roberts,"Johnny Sequoyah, Jessica Alexander, Troy Kotsur, Victoria Wyant, Gia Hunter","John Hodges, Walter Hamada",21000000,41235665,23.0987,6.481,556,[]
210577,Gone Girl,2014-10-01,"Mystery, Thriller, Drama",David Fincher,"Ben Affleck, Rosamund Pike, Neil Patrick Harris, Tyler Perry, Carrie Coon","Reese Witherspoon, Joshua Donen",61000000,370890259,19.9755,7.89,19810,[]
670,Oldboy,2003-11-21,"Drama, Thriller, Mystery, Action",Park Chan-wook,"Choi Min-sik, Yoo Ji-tae, Kang Hye-jung, Kim Byeong-ok, Ji Dae-han",Syd Lim,3000000,17500000,18.0477,8.239,9718,[]
414906,The Batman,2022-03-01,"Crime, Mystery, Thriller",Matt Reeves,"Robert Pattinson, Zoë Kravitz, Jeffrey Wright, Colin Farrell, Paul Dano","Matt Reeves, Dylan Clark",185000000,772775278,17.9842,7.658,11776,[]
637649,Wrath of Man,2021-04-22,"Thriller, Crime, Drama",Guy Ritchie,"Jason Statham, Holt McCallany, Rocci Williams, Josh Hartnett, Jeffrey Donovan","Guy Ritchie, Ivan Atkinson",40000000,103966489,15.8035,7.58,6017,[]
812,Aladdin,1992-11-25,"Animation, Family, Adventure, Fantasy, Romance",John Musker,"Scott Weinger, Robin Williams, Linda Larkin, Jonathan Freeman, Gilbert Gottfried","Ron Clements, John Musker",28000000,504050219,15.5687,7.7,11938,[]
9769,Lolita,1997-09-27,"Drama, Romance",Adrian Lyne,"Jeremy Irons, Dominique Swain, Melanie Griffith, Frank Langella, Suzanne Shepherd","Mario Kassar, Joel B. Michaels",62000000,1100000,17.2724,7.107,1944,[]
99861,Avengers: Age of Ultron,2015-04-22,"Action, Adventure, Science Fiction",Joss Whedon,"Robert Downey Jr., Chris Hemsworth, Mark Ruffalo, Chris Evans, Scarlett Johansson",Kevin Feige,235000000,1405403694,15.4419,7.27,24274,[]
207,Dead Poets Society,1989-06-02,Drama,Peter Weir,"Robin Williams, Robert Sean Leonard, Ethan Hawke, Josh Charles, Gale Hansen","Tony Thomas, Steven Haft",16400000,235860116,15.2386,8.3,12462,[]
11036,The Notebook,2004-06-25,"Romance, Drama",Nick Cassavetes,"Ryan Gosling, Rachel McAdams, Gena Rowlands, James Garner, Joan Allen","Mark Johnson, Lynn Harris",29000000,115600000,17.3126,7.888,12436,[]
216015,Fifty Shades of Grey,2015-02-11,"Drama, Romance, Thriller",Sam Taylor-Johnson,"Dakota Johnson, Jamie Dornan, Jennifer Ehle, Eloise Mumford, Victor Rasuk","E.L. James, Michael De Luca",40000000,569651467,17.7552,5.872,12326,[]
332562,A Star Is Born,2018-10-03,"Music, Drama, Romance",Bradley Cooper,"Lady Gaga, Bradley Cooper, Sam Elliott, Andrew Dice Clay, Rafi Gavron","Bradley Cooper, Bill Gerber",36000000,436388866,8.9603,7.492,12176,[]
36657,X-Men,2000-07-13,"Adventure, Action, Science Fiction",Bryan Singer,"Hugh Jackman, Patrick Stewart, Ian McKellen, Famke Janssen, James Marsden","Lauren Shuler Donner, Ralph Winter",75000000,296339527,0.4825,7.012,12099,[]
6844,The Ten Commandments,1956-10-05,"Drama, History",Cecil B. DeMille,"Charlton Heston, Yul Brynner, Anne Baxter, Edward G. Robinson, Yvonne De Carlo",Cecil B. DeMille,13000000,122700000,14.5679,7.8,1833,[]
35552,The Extraordinary Adventures of Adèle Blanc-Sec,2010-04-09,"Fantasy, Adventure, Action, Mystery",Luc Besson,"Louise Bourgoin, Mathieu Amalric, Gilles Lellouche, Jean-Paul Rouve, Jacky Nercessian","Luc Besson, Virginie Besson-Silla",25000000,34604339,8.751,6.246,1471,[]
1317149,I Swear,2025-09-22,"Drama, History",Kirk Jones,"Robert Aramayo, Maxine Peake, Peter Mullan, Shirley Henderson, Scott Ellis Watson","Kirk Jones, Piers Tempest",6000000,8682832,16.6071,8.324,188,[]
429,"The Good, the Bad and the Ugly",1966-12-23,Western,Sergio Leone,"Clint Eastwood, Eli Wallach, Lee Van Cleef, Aldo Giuffrè, Luigi Pistilli",Alberto Grimaldi,1200000,38900000,16.9834,8.468,9542,[]
696393,Cold Storage,2026-01-22,"Horror, Science Fiction, Comedy",Jonny Campbell,"Joe Keery, Georgina Campbell, Liam Neeson, Lesley Manville, Sosie Bacon","David Koepp, Gavin Polone",10000000,3929970,15.6812,6.708,307,[]
111,Scarface,1983-12-09,"Action, Crime, Drama",Brian De Palma,"Al Pacino, Steven Bauer, Michelle Pfeiffer, Mary Elizabeth Mastrantonio, Robert Loggia",Martin Bregman,25000000,66023329,16.5327,8.155,12885,[]
51876,Limitless,2011-03-17,"Thriller, Mystery, Science Fiction",Neil Burger,"Bradley Cooper, Robert De Niro, Abbie Cornish, Andrew Howard, Anna Friel","Leslie Dixon, Ryan Kavanaugh",27000000,161900000,7.0781,7.196,11366,[]
600,Full Metal Jacket,1987-06-26,"Drama, War",Stanley Kubrick,"Matthew Modine, Adam Baldwin, Vincent D'Onofrio, R. Lee Ermey, Dorian Harewood",Stanley Kubrick,30000000,46357676,8.6393,8.12,11344,[]
629,The Usual Suspects,1995-07-19,"Drama, Crime, Thriller",Bryan Singer,"Stephen Baldwin, Gabriel Byrne, Benicio del Toro, Kevin Pollak, Kevin Spacey","Michael McDonnell, Bryan Singer",6000000,23300000,8.2805,8.17,11294,[]
12405,Slumdog Millionaire,2008-11-12,"Drama, Romance",Danny Boyle,"Dev Patel, Freida Pinto, Madhur Mittal, Anil Kapoor, Mahesh Manjrekar",Christian Colson,15000000,378400000,6.2423,7.731,11238,[]
8844,Jumanji,1995-12-15,"Adventure, Fantasy, Family",Joe Johnston,"Robin Williams, Kirsten Dunst, Bradley Pierce, Bonnie Hunt, Jonathan Hyde","William Teitler, Scott Kroopf",65000000,262821940,3.3517,7.245,11211,[]
45243,The Hangover Part II,2011-05-25,Comedy,Todd Phillips,"Bradley Cooper, Ed Helms, Zach Galifianakis, Justin Bartha, Mason Lee","Todd Phillips, Daniel Goldberg",80000000,586764305,5.8733,6.501,11190,[]
603692,John Wick: Chapter 4,2023-03-21,"Action, Thriller, Crime",Chad Stahelski,"Keanu Reeves, Donnie Yen, Bill Skarsgård, Ian McShane, Laurence Fishburne","Chad Stahelski, Erica Lee",100000000,447316405,15.5582,7.707,7821,[]
10193,Toy Story 3,2010-06-16,"Animation, Family, Comedy",Lee Unkrich,"Tom Hanks, Tim Allen, Joan Cusack, Don Rickles, Wallace Shawn",Darla K. Anderson,200000000,1067316101,14.1961,7.804,15614,[]
59,A History of Violence,2005-09-23,"Drama, Thriller, Crime",David Cronenberg,"Viggo Mortensen, Maria Bello, Ed Harris, William Hurt, Ashton Holmes","Chris Bender, J.C. Spink",32000000,61477797,15.3327,7.165,3672,[]
949,Heat,1995-12-15,"Crime, Drama, Action",Michael Mann,"Al Pacino, Robert De Niro, Val Kilmer, Jon Voight, Tom Sizemore","Art Linson, Michael Mann",60000000,187400000,15.3743,7.9,8229,[]
12153,White Chicks,2004-06-23,"Comedy, Crime",Keenen Ivory Wayans,"Shawn Wayans, Marlon Wayans, Frankie Faison, Terry Crews, Faune Chambers Watkins","Keenen Ivory Wayans, Marlon Wayans",37000000,113100000,14.7127,6.93,4454,[]
447273,Snow White,2025-03-19,"Family, Fantasy",Marc Webb,"Rachel Zegler, Emilia Faucher, Gal Gadot, Andrew Burnap, Andrew Barth Feldman","Marc Platt, Jared LeBoff",270000000,205679463,14.0394,4.3,1601,[]
679,Aliens,1986-07-18,"Action, Thriller, Science Fiction",James Cameron,"Sigourney Weaver, Carrie Henn, Michael Biehn, Paul Reiser, Lance Henriksen",Gale Anne Hurd,18500000,183316455,12.4036,7.961,10722,[]
495764,Birds of Prey (and the Fantabulous Emancipation of One Harley Quinn),2020-02-05,"Action, Crime",Cathy Yan,"Margot Robbie, Rosie Perez, Mary Elizabeth Winstead, Jurnee Smollett, Ewan McGregor","Margot Robbie, Sue Kroll",75000000,205537933,5.8009,6.88,10750,[]
420817,Aladdin,2019-05-22,"Adventure, Fantasy, Romance, Family",Guy Ritchie,"Will Smith, Mena Massoud, Naomi Scott, Marwan Kenzari, Navid Negahban","Jonathan Eirich, Dan Lin",183000000,1054304000,12.4613,7.086,10559,[]
420818,The Lion King,2019-07-12,"Adventure, Drama, Family, Animation",Jon Favreau,"Chiwetel Ejiofor, John Oliver, Donald Glover, James Earl Jones, John Kani","Jon Favreau, Jeffrey Silver",260000000,1662020819,11.6118,7.098,10695,[]
56292,Mission: Impossible - Ghost Protocol,2011-12-07,"Action, Thriller, Adventure",Brad Bird,"Tom Cruise, Paula Patton, Simon Pegg, Jeremy Renner, Michael Nyqvist","J.J. Abrams, Tom Cruise",145000000,694713380,7.8699,7.111,10688,[]
1402,The Pursuit of Happyness,2006-12-14,Drama,Gabriele Muccino,"Will Smith, Jaden Smith, Thandiwe Newton, Brian Howe, James Karen","Steve Tisch, Will Smith",55000000,307077295,10.2348,7.886,10508,[]
1100988,28 Years Later,2025-06-18,"Horror, Thriller, Science Fiction",Danny Boyle,"Jodie Comer, Aaron Taylor-Johnson, Alfie Williams, Ralph Fiennes, Jack O'Connell","Danny Boyle, Alex Garland",60000000,151308832,12.8655,6.602,2403,[]
62,2001: A Space Odyssey,1968-04-02,"Science Fiction, Mystery, Adventure",Stanley Kubrick,"Keir Dullea, Gary Lockwood, William Sylvester, Douglas Rain, Daniel Richter","Stanley Kubrick, Victor Lyndon",12000000,71923560,14.0059,8.1,12475,[]
616037,Thor: Love and Thunder,2022-07-06,"Fantasy, Action, Comedy",Taika Waititi,"Chris Hemsworth, Natalie Portman, Christian Bale, Tessa Thompson, Taika Waititi","Brad Winderbaum, Kevin Feige",250000000,760928081,12.0153,6.373,8476,[]
453395,Doctor Strange in the Multiverse of Madness,2022-05-04,"Fantasy, Action, Adventure",Sam Raimi,"Benedict Cumberbatch, Xochitl Gomez, Elizabeth Olsen, Chiwetel Ejiofor, Benedict Wong",Kevin Feige,290000000,955775804,13.9468,7.225,10198,[]
8960,Hancock,2008-07-01,"Fantasy, Action",Peter Berg,"Will Smith, Charlize Theron, Jason Bateman, Jae Head, Eddie Marsan","Akiva Goldsman, James Lassiter",150000000,629400000,6.2508,6.353,10173,[]
316029,The Greatest Showman,2017-12-20,Drama,Michael Gracey,"Hugh Jackman, Zac Efron, Michelle Williams, Rebecca Ferguson, Zendaya","Jenno Topping, Laurence Mark",84000000,459066134,7.2378,7.862,9987,[]
954,Mission: Impossible,1996-05-22,"Adventure, Action, Thriller",Brian De Palma,"Tom Cruise, Jon Voight, Emmanuelle Béart, Henry Czerny, Jean Reno","Tom Cruise, Paula Wagner",80000000,457696391,10.4725,7.023,9889,[]
389,12 Angry Men,1957-04-10,Drama,Sidney Lumet,"Martin Balsam, John Fiedler, Lee J. Cobb, E.G. Marshall, Jack Klugman","Henry Fonda, Reginald Rose",397751,4360000,15.4884,8.559,9884,[]
458156,John Wick: Chapter 3 - Parabellum,2019-05-15,"Action, Thriller, Crime",Chad Stahelski,"Keanu Reeves, Halle Berry, Ian McShane, Laurence Fishburne, Mark Dacascos","Basil Iwanyk, Erica Lee",55000000,328349908,12.1734,7.438,11621,[]
1120911,Saturday Night,2024-09-27,"Comedy, Drama",Jason Reitman,"Gabriel LaBelle, Rachel Sennott, Cory Michael Smith, Ella Hunt, Dylan O'Brien","Peter Rice, Jason Blumenfeld",25000000,10055029,13.0638,6.673,344,[]
545611,Everything Everywhere All at Once,2022-03-24,"Action, Adventure, Science Fiction",Daniel Scheinert,"Michelle Yeoh, Stephanie Hsu, Ke Huy Quan, James Hong, Jamie Lee Curtis","Mike Larocca, Daniel Scheinert",25000000,139200000,13.0943,7.721,7828,[]
490132,Green Book,2018-11-16,"Drama, Comedy, History",Peter Farrelly,"Viggo Mortensen, Mahershala Ali, Linda Cardellini, Sebastian Maniscalco, Dimiter D. Marinov","Jim Burke, Charles B. Wessler",23000000,321752656,12.0511,8.223,12743,[]
480530,Creed II,2018-11-21,"Drama, Action",Steven Caple Jr.,"Michael B. Jordan, Sylvester Stallone, Tessa Thompson, Wood Harris, Russell Hornsby","Sylvester Stallone, William Chartoff",50000000,214200000,13.0375,7.028,5745,[]
512200,Jumanji: The Next Level,2019-12-04,"Adventure, Comedy, Fantasy",Jake Kasdan,"Dwayne Johnson, Kevin Hart, Jack Black, Karen Gillan, Awkwafina","Hiram Garcia, Matt Tolmach",125000000,801693929,9.186,6.875,9278,[]
50620,The Twilight Saga: Breaking Dawn - Part 2,2012-11-13,"Fantasy, Drama, Romance",Bill Condon,"Kristen Stewart, Robert Pattinson, Taylor Lautner, Peter Facinelli, Elizabeth Reaser","Wyck Godfrey, Stephenie Meyer",120000000,829747654,8.0696,6.456,9326,[]
50646,"Crazy, Stupid, Love.",2011-07-29,"Comedy, Drama, Romance",Glenn Ficarra,"Steve Carell, Ryan Gosling, Julianne Moore, Emma Stone, Lio Tipton","Denise Di Novi, Steve Carell",50000000,145079584,9.8448,7.27,9190,[]
76492,Hotel Transylvania,2012-09-20,"Animation, Comedy, Family, Fantasy",Genndy Tartakovsky,"Adam Sandler, Andy Samberg, Selena Gomez, Kevin James, Fran Drescher",Michelle Murdocca,85000000,358375603,10.5955,6.963,9122,[]
10674,Mulan,1998-06-18,"Animation, Family, Adventure",Tony Bancroft,"Ming-Na Wen, Eddie Murphy, BD Wong, Miguel Ferrer, Harvey Fierstein",Pam Coats,90000000,304320254,11.9131,7.901,10341,[]
49026,The Dark Knight Rises,2012-07-17,"Action, Crime, Drama, Thriller",Christopher Nolan,"Christian Bale, Gary Oldman, Tom Hardy, Joseph Gordon-Levitt, Anne Hathaway","Christopher Nolan, Emma Thomas",250000000,1081041287,11.6272,7.793,24180,[]
489,Good Will Hunting,1997-12-05,Drama,Gus Van Sant,"Matt Damon, Robin Williams, Ben Affleck, Stellan Skarsgård, Minnie Driver",Lawrence Bender,10000000,225933435,12.5955,8.159,13698,[]
508943,Luca,2021-06-17,"Animation, Family, Fantasy, Comedy, Drama",Enrico Casarosa,"Jacob Tremblay, Jack Dylan Grazer, Emma Berman, Saverio Raimondo, Maya Rudolph",Andrea Warren,200000000,51074773,9.1203,7.8,8889,[]
8392,My Neighbor Totoro,1988-04-16,"Fantasy, Animation, Family",Hayao Miyazaki,"Noriko Hidaka, Chika Sakamoto, Hitoshi Takagi, Shigesato Itoi, Sumi Shimamoto","Tooru Hara, Toshio Suzuki",3700000,41000000,12.1512,8.1,8721,[]
284052,Doctor Strange,2016-10-25,"Fantasy, Adventure, Action",Scott Derrickson,"Benedict Cumberbatch, Chiwetel Ejiofor, Rachel McAdams, Benedict Wong, Mads Mikkelsen",Kevin Feige,180000000,676343174,10.752,7.418,23298,[]
278927,The Jungle Book,2016-04-07,"Family, Adventure, Fantasy",Jon Favreau,"Neel Sethi, Bill Murray, Ben Kingsley, Idris Elba, Scarlett Johansson","Brigham Taylor, Jon Favreau",175000000,966550600,6.7895,6.87,8452,[]
335797,Sing,2016-11-23,"Animation, Music, Comedy, Family",Garth Jennings,"Matthew McConaughey, Reese Witherspoon, Seth MacFarlane, Scarlett Johansson, John C. Reilly","Janet Healy, Chris Meledandri",75000000,634151679,8.9716,7.122,8388,[]
4011,Beetlejuice,1988-03-30,"Fantasy, Comedy",Tim Burton,"Alec Baldwin, Geena Davis, Winona Ryder, Catherine O'Hara, Jeffrey Jones","Michael Bender, Larry Wilson",15000000,84554197,7.4934,7.369,8377,[]
1979,Fantastic Four: Rise of the Silver Surfer,2007-06-13,"Science Fiction, Adventure, Action",Tim Story,"Ioan Gruffudd, Jessica Alba, Chris Evans, Michael Chiklis, Julian McMahon","Avi Arad, Bernd Eichinger",130000000,301913131,4.9908,5.631,8346,[]
336843,Maze Runner: The Death Cure,2018-01-10,"Science Fiction, Action, Adventure, Thriller",Wes Ball,"Dylan O'Brien, Kaya Scodelario, Thomas Brodie-Sangster, Ki Hong Lee, Dexter Darden","Wyck Godfrey, Ellen Goldsmith-Vein",62000000,288175335,6.8403,7.082,8329,[]
337167,Fifty Shades Freed,2018-01-17,"Drama, Romance",James Foley,"Dakota Johnson, Jamie Dornan, Eric Johnson, Eloise Mumford, Rita Ora","E.L. James, Dana Brunetti",55000000,371985018,13.9759,6.674,8320,[]
240832,Lucy,2014-07-25,"Action, Science Fiction",Luc Besson,"Scarlett Johansson, Morgan Freeman, Choi Min-sik, Amr Waked, Julian Rhind-Tutt",Virginie Besson-Silla,40000000,469058574,11.6887,6.473,16953,[]
670292,The Creator,2023-09-27,"Science Fiction, Action, Adventure",Gareth Edwards,"John David Washington, Madeleine Yuna Voyles, Gemma Chan, Allison Janney, Ken Watanabe","Gareth Edwards, Arnon Milchan",80000000,104272136,11.0356,7.006,3756,[]
792307,Poor Things,2023-12-07,"Science Fiction, Romance, Comedy",Yorgos Lanthimos,"Emma Stone, Mark Ruffalo, Willem Dafoe, Ramy Youssef, Christopher Abbott","Yorgos Lanthimos, Emma Stone",35000000,117607117,10.2594,7.648,5412,[]
153,Lost in Translation,2003-09-18,"Drama, Comedy, Romance",Sofia Coppola,"Bill Murray, Scarlett Johansson, Giovanni Ribisi, Anna Faris, Akiko Takeshita","Sofia Coppola, Ross Katz",4000000,119723856,6.4622,7.383,8005,[]
44115,127 Hours,2010-11-12,"Adventure, Drama, Thriller",Danny Boyle,"James Franco, Kate Mara, Amber Tamblyn, Clémence Poésy, Lizzy Caplan","Danny Boyle, John Smithson",18000000,35700000,5.3649,7.088,8028,[]
8363,Superbad,2007-08-17,Comedy,Greg Mottola,"Jonah Hill, Michael Cera, Christopher Mintz-Plasse, Bill Hader, Seth Rogen","Judd Apatow, Shauna Robertson",20000000,170800000,7.0327,7.26,7984,[]
408,Snow White and the Seven Dwarfs,1938-01-14,"Fantasy, Animation, Family",David Hand,"Adriana Caselotti, Lucille La Verne, Harry Stockwell, Roy Atwell, Pinto Colvig",Walt Disney,1488423,184925486,11.1521,7.122,7943,[]
300669,Don't Breathe,2016-06-08,"Horror, Thriller, Crime",Fede Álvarez,"Stephen Lang, Jane Levy, Dylan Minnette, Daniel Zovatto, Emma Bercovici","Sam Raimi, Fede Álvarez",9900000,158906350,5.9832,7.015,7908,[]
615656,Meg 2: The Trench,2023-08-02,"Action, Science Fiction, Horror",Ben Wheatley,"Jason Statham, Wu Jing, Shuya Sophia Cai, Page Kennedy, Sergio Peris-Mencheta","Lorenzo di Bonaventura, Belle Avery",129000000,398500317,10.8933,6.378,3917,[]
1366,Rocky,1976-12-03,Drama,John G. Avildsen,"Sylvester Stallone, Talia Shire, Burt Young, Carl Weathers, Burgess Meredith","Robert Chartoff, Irwin Winkler",1000000,117253345,11.847,7.795,8536,[]
458723,Us,2019-03-14,"Horror, Mystery",Jordan Peele,"Lupita Nyong'o, Winston Duke, Elisabeth Moss, Tim Heidecker, Shahadi Wright Joseph","Jordan Peele, Sean McKittrick",20000000,256071218,9.24,6.95,7999,[]
44826,Hugo,2011-11-22,"Adventure, Drama, Family",Martin Scorsese,"Asa Butterfield, Ben Kingsley, Chloë Grace Moretz, Sacha Baron Cohen, Ray Winstone","Johnny Depp, Martin Scorsese",170000000,185770160,5.0091,7.174,7616,[]
955,Mission: Impossible II,2000-05-24,"Adventure, Action, Thriller",John Woo,"Tom Cruise, Dougray Scott, Thandiwe Newton, Ving Rhames, Richard Roxburgh","Tom Cruise, Paula Wagner",125000000,546388108,9.2765,6.143,7494,[]
667538,Transformers: Rise of the Beasts,2023-06-06,"Science Fiction, Adventure, Action",Steven Caple Jr.,"Anthony Ramos, Dominique Fishback, Peter Cullen, Ron Perlman, Peter Dinklage","Mark Vahradian, Duncan Henderson",195000000,441381193,9.6673,7.175,5219,[]
948,Halloween,1978-10-24,"Horror, Thriller",John Carpenter,"Donald Pleasence, Jamie Lee Curtis, Nancy Kyes, P. J. Soles, Charles Cyphers","Debra Hill, Moustapha Akkad",325000,70260597,10.6353,7.556,6120,[]
10201,Yes Man,2008-12-09,"Comedy, Romance",Peyton Reed,"Jim Carrey, Zooey Deschanel, Bradley Cooper, John Michael Higgins, Rhys Darby","David Heyman, Richard D. Zanuck",70000000,223200000,4.2334,6.689,7326,[]
158852,Tomorrowland,2015-05-19,"Adventure, Family, Mystery, Science Fiction",Brad Bird,"Britt Robertson, George Clooney, Raffey Cassidy, Hugh Laurie, Tim McGraw","Damon Lindelof, Jeffrey Chernov",190000000,209200000,5.5458,6.3,7317,[]
11216,Cinema Paradiso,1988-11-17,"Drama, Romance",Giuseppe Tornatore,"Philippe Noiret, Jacques Perrin, Marco Leonardi, Salvatore Cascio, Agnese Nano","Giovanna Romagnoli, Franco Cristaldi",5000000,35962062,10.4344,8.426,4782,[]
82702,How to Train Your Dragon 2,2014-06-05,"Fantasy, Action, Adventure, Animation, Family",Dean DeBlois,"Jay Baruchel, Cate Blanchett, Gerard Butler, Craig Ferguson, America Ferrera",Bonnie Arnold,145000000,621537519,10.6228,7.679,10346,[]
370172,No Time to Die,2021-09-29,"Action, Thriller, Adventure",Cary Joji Fukunaga,"Daniel Craig, Léa Seydoux, Rami Malek, Lashana Lynch, Ralph Fiennes","Barbara Broccoli, Michael G. Wilson",250000000,774153024,10.5217,7.341,7014,[]
752,V for Vendetta,2006-02-23,"Action, Thriller, Science Fiction",James McTeigue,"Natalie Portman, Hugo Weaving, Stephen Rea, Stephen Fry, John Hurt","Lana Wachowski, Lilly Wachowski",54000000,134686457,10.7603,7.899,15448,[]
746036,The Fall Guy,2024-04-24,"Action, Comedy, Romance",David Leitch,"Ryan Gosling, Emily Blunt, Aaron Taylor-Johnson, Hannah Waddingham, Teresa Palmer","Guymon Casady, Kelly McCormick",125000000,181073291,9.595,6.957,3637,[]
166428,How to Train Your Dragon: The Hidden World,2019-01-03,"Animation, Family, Adventure",Dean DeBlois,"Jay Baruchel, America Ferrera, F. Murray Abraham, Cate Blanchett, Gerard Butler","Bonnie Arnold, Bradford Lewis",129000000,539987993,9.0289,7.749,7036,[]
328387,Nerve,2016-06-27,"Mystery, Adventure, Crime",Henry Joost,"Emma Roberts, Dave Franco, Emily Meade, Miles Heizer, Juliette Lewis","Anthony Katagas, Allison Shearmur",19000000,85241496,6.414,7.002,6988,[]
534,Terminator Salvation,2009-05-20,"Action, Science Fiction, Thriller",McG,"Christian Bale, Sam Worthington, Moon Bloodgood, Helena Bonham Carter, Anton Yelchin","Victor Kubicek, Jeffrey Silver",200000000,371353001,7.5111,6.083,6969,[]
345,Eyes Wide Shut,1999-07-16,"Drama, Thriller, Mystery",Stanley Kubrick,"Tom Cruise, Nicole Kidman, Sydney Pollack, Marie Richardson, Rade Šerbedžija","Stanley Kubrick, Brian W. Cook",65000000,162100000,11.1509,7.487,6956,[]
436270,Black Adam,2022-10-19,"Action, Adventure, Science Fiction",Jaume Collet-Serra,"Dwayne Johnson, Aldis Hodge, Noah Centineo, Sarah Shahi, Quintessa Swindell","Hiram Garcia, Beau Flynn",200000000,393452111,8.6812,6.815,6948,[]
842924,The Life of Chuck,2025-06-05,"Fantasy, Drama",Mike Flanagan,"Tom Hiddleston, Benjamin Pajak, Nick Offerman, Chiwetel Ejiofor, Karen Gillan","Mike Flanagan, Trevor Macy",25000000,19700844,7.9517,7.277,995,[]
1893,Star Wars: Episode I - The Phantom Menace,1999-05-19,"Adventure, Action, Science Fiction",George Lucas,"Liam Neeson, Ewan McGregor, Natalie Portman, Jake Lloyd, Ian McDiarmid",Rick McCallum,115000000,924317558,8.552,6.572,15696,[]
1064028,Subservience,2024-08-15,"Science Fiction, Horror, Thriller",SK Dale,"Megan Fox, Michele Morrone, Madeline Zima, Matilda Firth, Andrew Whipp","Rob Van Norden, Jeffrey Greenstein",4400000,262793,9.6368,6.6,968,[]
109414,This Is the End,2013-06-12,"Action, Comedy",Seth Rogen,"James Franco, Jonah Hill, Seth Rogen, Jay Baruchel, Danny McBride","Seth Rogen, Evan Goldberg",32000000,126041322,5.8666,6.238,6783,[]
331482,Little Women,2019-12-25,"Drama, Romance",Greta Gerwig,"Saoirse Ronan, Emma Watson, Florence Pugh, Eliza Scanlen, Laura Dern","Amy Pascal, Robin Swicord",40000000,332103783,7.0907,7.855,6772,[]
68728,Oz the Great and Powerful,2013-03-07,"Fantasy, Adventure, Family",Sam Raimi,"James Franco, Mila Kunis, Rachel Weisz, Michelle Williams, Zach Braff",Joe Roth,200000000,491868548,4.3186,5.932,6762,[]
10555,Shark Tale,2004-09-20,"Animation, Action, Comedy, Family",Vicky Jenson,"Will Smith, Robert De Niro, Renée Zellweger, Jack Black, Angelina Jolie","Allison Lyon Segan, Janet Healy",75000000,367300000,7.0334,6.035,6664,[]
1813,The Devil's Advocate,1997-10-17,"Horror, Drama, Mystery",Taylor Hackford,"Keanu Reeves, Al Pacino, Charlize Theron, Jeffrey Jones, Judith Ivey","Anne Kopelson, Arnold Kopelson",57000000,153000000,9.1956,7.469,6698,[]
47964,A Good Day to Die Hard,2013-02-06,"Action, Thriller",John Moore,"Bruce Willis, Jai Courtney, Sebastian Koch, Yuliya Snigir, Radivoje Bukvić","Alex Young, Wyck Godfrey",92000000,304654182,3.4691,5.334,6711,[]
335787,Uncharted,2022-02-10,"Action, Adventure",Ruben Fleischer,"Tom Holland, Mark Wahlberg, Sophia Ali, Tati Gabrielle, Antonio Banderas","Charles Roven, Alex Gartner",120000000,407141258,9.008,6.868,6700,[]
18239,The Twilight Saga: New Moon,2009-11-18,"Adventure, Fantasy, Drama, Romance",Chris Weitz,"Kristen Stewart, Robert Pattinson, Taylor Lautner, Dakota Fanning, Michael Sheen","Wyck Godfrey, Kerry Kohansky-Roberts",50000000,709827462,9.8601,6.0,9690,[]
76025,Shame,2011-10-02,Drama,Steve McQueen,"Michael Fassbender, Carey Mulligan, James Badge Dale, Nicole Beharie, Lucy Walters","Iain Canning, Emile Sherman",6500000,3909002,8.4353,6.9,3379,[]
698508,Redeeming Love,2022-01-21,"Romance, Drama, Western",D.J. Caruso,"Abigail Cowen, Tom Lewis, Eric Dane, Famke Janssen, Logan Marshall-Green","Cindy Bond, Simon Swart",30000000,9464198,9.1155,7.837,730,[]
166426,Pirates of the Caribbean: Dead Men Tell No Tales,2017-05-23,"Adventure, Action, Fantasy",Joachim Rønning,"Johnny Depp, Javier Bardem, Geoffrey Rush, Brenton Thwaites, Kaya Scodelario",Jerry Bruckheimer,230000000,795922298,9.0547,6.653,12717,[]
277,Underworld,2003-09-19,"Fantasy, Action, Thriller",Len Wiseman,"Kate Beckinsale, Scott Speedman, Michael Sheen, Shane Brolly, Bill Nighy","Tom Rosenberg, Gary Lucchesi",22000000,95708457,4.9931,6.8,6540,[]
7131,Van Helsing,2004-05-03,"Horror, Adventure, Action",Stephen Sommers,"Hugh Jackman, Kate Beckinsale, Richard Roxburgh, Josie Maran, David Wenham","Bob Ducsay, Stephen Sommers",160000000,300257475,20.9111,6.397,6552,[]
440021,Happy Death Day,2017-10-12,"Comedy, Horror, Mystery",Christopher Landon,"Jessica Rothe, Israel Broussard, Charles Aitken, Ruby Modine, Blaine Kern III",Jason Blum,4800000,125479266,3.5428,6.659,6528,[]
522627,The Gentlemen,2020-01-01,"Comedy, Crime",Guy Ritchie,"Matthew McConaughey, Charlie Hunnam, Michelle Dockery, Jeremy Strong, Lyne Renee","Matthew McConaughey, Guy Ritchie",22000000,115171795,6.9315,7.662,6516,[]
140300,Kung Fu Panda 3,2016-01-23,"Animation, Action, Adventure, Comedy, Family",Jennifer Yuh Nelson,"Jack Black, Bryan Cranston, Dustin Hoffman, Angelina Jolie, J.K. Simmons",Melissa Cobb,145000000,521170825,8.0559,6.921,6528,[]
423108,The Conjuring: The Devil Made Me Do It,2021-05-25,"Horror, Mystery, Thriller",Michael Chaves,"Vera Farmiga, Patrick Wilson, Sterling Jerins, Sarah Catherine Hook, Ruairí O'Connor","James Wan, Peter Safran",39000000,206444123,7.9534,7.4,6473,[]
1995,Lara Croft: Tomb Raider,2001-06-15,"Adventure, Action, Fantasy",Simon West,"Angelina Jolie, Iain Glen, Daniel Craig, Noah Taylor, Chris Barrie","Lloyd Levin, Lawrence Gordon",115000000,274703340,5.7153,5.909,6463,[]
12477,Grave of the Fireflies,1988-04-16,"Animation, Drama, War",Isao Takahata,"Tsutomu Tatsumi, Ayano Shiraishi, Yoshiko Shinohara, Akemi Yamaguchi, Masayo Sakai",Tooru Hara,3700000,842132,0.014,8.444,6449,[]
10882,Sleeping Beauty,1959-02-17,"Fantasy, Animation, Romance, Family",Clyde Geronimi,"Mary Costa, Bill Shirley, Eleanor Audley, Verna Felton, Barbara Luddy",Walt Disney,6000000,51600000,8.3597,6.94,5445,[]
810,Shrek the Third,2007-05-17,"Fantasy, Adventure, Animation, Comedy, Family",Chris Miller,"Mike Myers, Eddie Murphy, Cameron Diaz, Antonio Banderas, Julie Andrews","Denise Nolan Cascino, Aron Warner",160000000,813367380,7.6135,6.306,9707,[]
238713,Spy,2015-05-06,"Action, Comedy, Crime",Paul Feig,"Melissa McCarthy, Rose Byrne, Jason Statham, Jude Law, Miranda Hart","Peter Chernin, Jenno Topping",65000000,235666219,7.5497,6.833,6352,[]
3049,Ace Ventura: Pet Detective,1994-02-04,"Comedy, Mystery, Crime",Tom Shadyac,"Jim Carrey, Courteney Cox, Sean Young, Tone Loc, Dan Marino",James G. Robinson,15000000,107217396,5.5886,6.573,6321,[]
762,Monty Python and the Holy Grail,1975-04-03,"Adventure, Comedy, Fantasy",Terry Jones,"Graham Chapman, John Cleese, Eric Idle, Terry Gilliam, Terry Jones","Mark Forstater, Michael White",400000,5763644,6.8095,7.804,6343,[]
13885,Sweeney Todd: The Demon Barber of Fleet Street,2007-12-21,"Drama, Horror",Tim Burton,"Johnny Depp, Helena Bonham Carter, Alan Rickman, Timothy Spall, Sacha Baron Cohen","Richard D. Zanuck, John Logan",50000000,153384272,4.5393,7.178,6292,[]
855,Black Hawk Down,2001-12-28,"Action, War, History",Ridley Scott,"Josh Hartnett, Eric Bana, Ewan McGregor, Tom Sizemore, William Fichtner","Jerry Bruckheimer, Ridley Scott",92000000,172989651,7.9522,7.393,6294,[]
385687,Fast X,2023-05-17,"Action, Crime, Thriller",Louis Leterrier,"Vin Diesel, Michelle Rodriguez, Tyrese Gibson, Ludacris, John Cena","Justin Lin, Neal H. Moritz",340000000,704709660,16.5288,7.001,6257,[]
267935,The BFG,2016-06-01,"Adventure, Family, Fantasy",Steven Spielberg,"Mark Rylance, Ruby Barnhill, Rebecca Hall, Jemaine Clement, Bill Hader","Sam Mercer, Frank Marshall",140000000,195243411,7.6921,6.3,3598,[]
15121,The Sound of Music,1965-03-29,"Drama, Family, Music, Romance",Robert Wise,"Julie Andrews, Christopher Plummer, Eleanor Parker, Charmian Carr, Nicholas Hammond",Robert Wise,8200000,286214286,7.8631,7.73,3593,[]
57201,The Lone Ranger,2013-07-03,"Action, Adventure, Western",Gore Verbinski,"Johnny Depp, Armie Hammer, Tom Wilkinson, William Fichtner, Helena Bonham Carter","Jerry Bruckheimer, Gore Verbinski",215000000,260502115,3.7883,6.122,6115,[]
935,Dr. Strangelove or: How I Learned to Stop Worrying and Love the Bomb,1964-01-29,"Comedy, War",Stanley Kubrick,"Peter Sellers, George C. Scott, Sterling Hayden, Keenan Wynn, Slim Pickens","Stanley Kubrick, Victor Lyndon",1800000,9500000,4.0898,8.124,6105,[]
159824,Hotel Transylvania 2,2015-09-21,"Animation, Comedy, Family, Fantasy",Genndy Tartakovsky,"Adam Sandler, Andy Samberg, Selena Gomez, Kevin James, Steve Buscemi",Robert Smigel,80000000,473200000,6.6883,6.763,6089,[]
593643,The Menu,2022-11-17,"Comedy, Horror",Mark Mylod,"Anya Taylor-Joy, Ralph Fiennes, Nicholas Hoult, Janet McTeer, Paul Adelstein","Betsy Koch, Adam McKay",35000000,79628200,8.4231,7.172,6055,[]
1125257,Freakier Friday,2025-08-06,"Comedy, Fantasy, Family",Nisha Ganatra,"Lindsay Lohan, Jamie Lee Curtis, Julia Butters, Sophia Hammons, Manny Jacinto","Kristin Burr, Andrew Gunn",42000000,153176952,7.8131,6.9,657,[]
940721,Godzilla Minus One,2023-11-03,"Science Fiction, Horror, Action",Takashi Yamazaki,"Ryunosuke Kamiki, Minami Hamabe, Yuki Yamada, Munetaka Aoki, Hidetaka Yoshioka","Kenji Yamada, Go Abe",15000000,113676322,9.2929,7.574,3077,[]
1184918,The Wild Robot,2024-09-12,"Family, Animation, Science Fiction, Adventure",Chris Sanders,"Lupita Nyong'o, Pedro Pascal, Kit Connor, Bill Nighy, Stephanie Hsu",Jeff Hermann,78000000,331982078,23.5856,8.307,5893,[]
64635,Total Recall,2012-08-02,"Action, Science Fiction, Thriller",Len Wiseman,"Colin Farrell, Jessica Biel, Kate Beckinsale, Bill Nighy, John Cho","Toby Jaffe, Neal H. Moritz",125000000,198800000,5.7089,6.028,5829,[]
307081,Southpaw,2015-07-22,"Action, Drama",Antoine Fuqua,"Jake Gyllenhaal, Rachel McAdams, Forest Whitaker, Oona Laurence, 50 Cent","Peter Riche, Jason Blumenthal",30000000,91709827,7.6503,7.363,5768,[]
404368,Ralph Breaks the Internet,2018-11-20,"Animation, Family, Adventure, Science Fiction, Comedy",Rich Moore,"John C. Reilly, Sarah Silverman, Gal Gadot, Taraji P. Henson, Bill Hader",Clark Spencer,175000000,529323962,7.2828,7.16,8042,[]
4256,Scary Movie 3,2003-10-24,Comedy,David Zucker,"Anna Faris, Regina Hall, Simon Rex, Anthony Anderson, Charlie Sheen",Robert K. Weiss,45000000,220673217,7.2099,5.964,4425,[]
95,Armageddon,1998-07-01,"Action, Thriller, Science Fiction, Adventure",Michael Bay,"Bruce Willis, Billy Bob Thornton, Ben Affleck, Liv Tyler, Will Patton","Michael Bay, Gale Anne Hurd",140000000,553799566,8.3054,6.829,8497,[]
882598,Smile,2022-09-23,"Horror, Mystery",Parker Finn,"Sosie Bacon, Kyle Gallner, Jessie T. Usher, Robin Weigert, Caitlin Stasey","Isaac Klausner, Marty Bowen",17000000,217408513,8.3619,6.662,3988,[]
5548,RoboCop,1987-07-17,"Action, Thriller, Science Fiction",Paul Verhoeven,"Peter Weller, Nancy Allen, Dan O'Herlihy, Ronny Cox, Kurtwood Smith",Arne Schmidt,13000000,53424681,6.6466,7.355,5662,[]
10340,Lady and the Tramp,1955-06-22,"Animation, Family, Romance, Adventure, Comedy",Clyde Geronimi,"Barbara Luddy, Larry Roberts, Peggy Lee, Bill Thompson, Bill Baucom",Walt Disney,4000000,36359037,7.2187,7.12,5610,[]
290859,Terminator: Dark Fate,2019-10-23,"Science Fiction, Action, Adventure, Thriller",Tim Miller,"Linda Hamilton, Arnold Schwarzenegger, Mackenzie Davis, Natalia Reyes, Gabriel Luna","James Cameron, David Ellison",185000000,261119292,6.978,6.415,5602,[]
9444,Anastasia,1997-11-20,"Animation, Family, Fantasy, Adventure",Don Bluth,"Meg Ryan, John Cusack, Kelsey Grammer, Christopher Lloyd, Hank Azaria","Don Bluth, Gary Goldman",53000000,139804348,6.6064,7.6,5581,[]
268,Batman,1989-06-21,"Fantasy, Action, Crime",Tim Burton,"Michael Keaton, Jack Nicholson, Kim Basinger, Robert Wuhl, Pat Hingle","Peter Guber, Jon Peters",35000000,411348924,10.0048,7.229,8496,[]
620,Ghostbusters,1984-06-08,"Comedy, Fantasy",Ivan Reitman,"Bill Murray, Dan Aykroyd, Sigourney Weaver, Harold Ramis, Rick Moranis",Ivan Reitman,30000000,296640120,7.9732,7.5,9671,[]
259316,Fantastic Beasts and Where to Find Them,2016-11-16,"Fantasy, Adventure",David Yates,"Eddie Redmayne, Katherine Waterston, Dan Fogler, Alison Sudol, Colin Farrell","J.K. Rowling, David Heyman",180000000,809342332,8.2797,7.307,19612,[]
563,Starship Troopers,1997-11-07,"Adventure, Action, Thriller, Science Fiction",Paul Verhoeven,"Casper Van Dien, Dina Meyer, Denise Richards, Jake Busey, Neil Patrick Harris","Jon Davison, Alan Marshall",105000000,121214377,6.6224,7.101,5417,[]
23827,Paranormal Activity,2007-09-14,"Horror, Mystery",Oren Peli,"Katie Featherston, Micah Sloat, Mark Fredrichs, Amber Armstrong, Ashley Palmer","Oren Peli, Jason Blum",15000,193355800,3.7005,6.046,5389,[]
415,Batman & Robin,1997-06-20,"Action, Science Fiction, Adventure",Joel Schumacher,"George Clooney, Chris O'Donnell, Arnold Schwarzenegger, Uma Thurman, Alicia Silverstone",Peter Macgregor-Scott,125000000,238207122,6.8314,4.387,5359,[]
310307,The Founder,2016-11-24,"Drama, History",John Lee Hancock,"Michael Keaton, Nick Offerman, John Carroll Lynch, Linda Cardellini, B. J. Novak","Don Handfield, Jeremy Renner",15000000,24121245,5.8265,7.141,5349,[]
399174,Isle of Dogs,2018-03-23,"Adventure, Comedy, Animation",Wes Anderson,"Bryan Cranston, Koyu Rankin, Bob Balaban, Edward Norton, Bill Murray","Wes Anderson, Scott Rudin",35000000,72991435,5.1971,7.846,5355,[]
10112,The Aristocats,1970-12-24,"Animation, Comedy, Family, Adventure",Wolfgang Reitherman,"Phil Harris, Eva Gabor, Sterling Holloway, Scatman Crothers, Paul Winchell","Winston Hibler, Wolfgang Reitherman",4000000,191000000,6.731,7.3,5330,[]
297,Meet Joe Black,1998-11-12,"Fantasy, Drama, Romance",Martin Brest,"Brad Pitt, Anthony Hopkins, Claire Forlani, Jake Weber, Marcia Gay Harden",Martin Brest,90000000,142940100,7.7934,7.356,5684,[]
927,Gremlins,1984-06-08,"Fantasy, Horror, Comedy",Joe Dante,"Zach Galligan, Phoebe Cates, Hoyt Axton, Frances Lee McCain, Corey Feldman",Michael Finnell,11000000,153083102,6.883,7.141,6927,[]
813,Airplane!,1980-06-27,Comedy,Jerry Zucker,"Robert Hays, Julie Hagerty, Leslie Nielsen, Kareem Abdul-Jabbar, Lloyd Bridges",Jon Davison,3500000,83453539,8.136,7.306,5017,[]
1250,Ghost Rider,2007-01-15,"Thriller, Action, Fantasy",Mark Steven Johnson,"Nicolas Cage, Eva Mendes, Sam Elliott, Wes Bentley, Peter Fonda","Gary Foster, Avi Arad",110000000,228738393,8.9034,5.592,6395,[]
624860,The Matrix Resurrections,2021-12-16,"Science Fiction, Action, Adventure",Lana Wachowski,"Keanu Reeves, Carrie-Anne Moss, Yahya Abdul-Mateen II, Jonathan Groff, Jessica Henwick","James McTeigue, Lana Wachowski",190000000,156497322,7.8594,6.338,6385,[]
324544,In the Lost Lands,2025-02-27,"Action, Fantasy, Western",Paul W. S. Anderson,"Milla Jovovich, Dave Bautista, Arly Jover, Amara Okereke, Fraser James","Constantin Werner, Jeremy Bolt",55000000,4755330,6.992,6.351,776,[]
338762,Bloodshot,2020-03-05,"Action, Science Fiction, Adventure",David S. F. Wilson,"Vin Diesel, Eiza González, Sam Heughan, Toby Kebbell, Talulah Riley","Dinesh Shamdasani, Neal H. Moritz",42000000,39861118,4.3584,6.68,5218,[]
1700,Misery,1990-11-30,"Drama, Thriller",Rob Reiner,"Kathy Bates, James Caan, Richard Farnsworth, Lauren Bacall, Frances Sternhagen","Rob Reiner, Andrew Scheinman",20000000,61300000,6.9626,7.7,5180,[]
201085,Crimson Peak,2015-10-13,"Horror, Mystery, Romance",Guillermo del Toro,"Mia Wasikowska, Jessica Chastain, Tom Hiddleston, Charlie Hunnam, Jim Beaver","Guillermo del Toro, Callum Greene",55000000,74700000,4.5545,6.661,5210,[]
286565,Paper Towns,2015-06-18,"Mystery, Drama, Romance",Jake Schreier,"Nat Wolff, Cara Delevingne, Austin Abrams, Justice Smith, Halston Sage","Marty Bowen, Wyck Godfrey",12000000,85500000,1.6881,6.2,5161,[]
97367,The Place Beyond the Pines,2013-03-20,"Drama, Crime",Derek Cianfrance,"Ryan Gosling, Bradley Cooper, Eva Mendes, Rose Byrne, Ray Liotta","Lynette Howell Taylor, Sidney Kimmel",15000000,47135966,3.8211,6.983,5150,[]
36586,Blade II,2002-03-22,"Fantasy, Horror, Action, Thriller",Guillermo del Toro,"Wesley Snipes, Kris Kristofferson, Ron Perlman, Leonor Varela, Norman Reedus","Peter Frankfurt, Patrick J. Palmer",54000000,155010032,6.3585,6.6,5149,[]
9603,Clueless,1995-07-19,"Comedy, Romance",Amy Heckerling,"Alicia Silverstone, Stacey Dash, Brittany Murphy, Paul Rudd, Donald Faison","Scott Rudin, Robert Lawrence",12000000,56631572,7.1541,7.252,4759,[]
4327,Charlie's Angels,2000-11-02,"Action, Comedy, Adventure",McG,"Cameron Diaz, Drew Barrymore, Lucy Liu, Bill Murray, Sam Rockwell","Leonard Goldberg, Drew Barrymore",92000000,264105545,7.7326,5.852,4475,[]
184345,A Haunted House 2,2014-04-17,"Comedy, Horror",Michael Tiddes,"Marlon Wayans, Jaime Pressly, Essence Atkins, Gabriel Iglesias, Missi Pyle","Marlon Wayans, Rick Alvarez",4000000,25343661,7.2102,6.176,1572,[]
9428,The Royal Tenenbaums,2001-10-05,"Comedy, Drama",Wes Anderson,"Gene Hackman, Anjelica Huston, Ben Stiller, Gwyneth Paltrow, Luke Wilson","Wes Anderson, Scott Rudin",21000000,71441250,4.4109,7.458,4970,[]
59440,Warrior,2011-09-09,"Drama, Action",Gavin O'Connor,"Joel Edgerton, Tom Hardy, Nick Nolte, Jennifer Morrison, Frank Grillo","Gavin O'Connor, Greg O'Connor",25000000,23300000,6.0036,7.844,4965,[]
20662,Robin Hood,2010-05-12,"Action, Adventure, History",Ridley Scott,"Russell Crowe, Cate Blanchett, Max von Sydow, William Hurt, Mark Strong","Brian Grazer, Russell Crowe",200000000,321669741,5.2692,6.396,4972,[]
7299,Equilibrium,2002-12-06,"Action, Science Fiction, Thriller",Kurt Wimmer,"Christian Bale, Taye Diggs, Angus Macfadyen, Matthew Harbour, Sean Bean","Jan de Bont, Lucas Foster",20000000,5400000,4.6991,7.044,4958,[]
1427,Perfume: The Story of a Murderer,2006-09-13,"Crime, Fantasy, Drama",Tom Tykwer,"Ben Whishaw, Alan Rickman, Rachel Hurd-Wood, Dustin Hoffman, John Hurt",Bernd Eichinger,63700000,135039924,5.966,7.368,4949,[]
46529,I Am Number Four,2011-02-18,"Action, Thriller, Science Fiction, Adventure",D.J. Caruso,"Alex Pettyfer, Dianna Agron, Teresa Palmer, Timothy Olyphant, Kevin Durand","James M. Freitag, Michael Bay",50000000,149900000,4.2393,6.175,4933,[]
4977,Paprika,2006-10-01,"Science Fiction, Thriller, Animation",Satoshi Kon,"Megumi Hayashibara, Tohru Emori, Katsunosuke Hori, Toru Furuya, Akio Otsuka","Masao Takiyama, Jungo Maruta",2600000,946590,7.667,7.816,2813,[]
87818,Movie 43,2013-01-24,Comedy,Steve Carr,"Dennis Quaid, Greg Kinnear, Hugh Jackman, Kate Winslet, Jeremy Allen White","Peter Farrelly, Ryan Kavanaugh",6000000,32443111,7.0724,4.648,2482,[]
289,Casablanca,1943-01-15,"Drama, Romance",Michael Curtiz,"Humphrey Bogart, Ingrid Bergman, Paul Henreid, Claude Rains, Conrad Veidt",Hal B. Wallis,878000,10462500,8.3096,8.142,5990,[]
1927,Hulk,2003-06-19,"Science Fiction, Adventure, Action",Ang Lee,"Eric Bana, Jennifer Connelly, Sam Elliott, Josh Lucas, Nick Nolte","Gale Anne Hurd, Avi Arad",137000000,245360480,8.0832,5.6,6218,[]
1495,Kingdom of Heaven,2005-05-03,"Drama, Action, Adventure, History, War",Ridley Scott,"Orlando Bloom, Eva Green, Jeremy Irons, David Thewlis, Ghassan Massoud",Ridley Scott,130000000,218366336,16.528,7.021,4859,[]
9023,Spirit: Stallion of the Cimarron,2002-05-24,"Animation, Adventure, Family, Drama, Western",Kelly Asbury,"Matt Damon, James Cromwell, Daniel Studi, Chopper Bernet, Jeff LeBeau","Mireille Soria, Jeffrey Katzenberg",80000000,122563539,6.5829,7.686,4856,[]
37834,Knight and Day,2010-06-15,"Action, Comedy",James Mangold,"Tom Cruise, Cameron Diaz, Peter Sarsgaard, Viola Davis, Jordi Mollà","Steve Pink, Todd Garner",117000000,261989769,4.9676,6.227,4848,[]
8329,[REC],2007-11-23,"Horror, Mystery",Jaume Balagueró,"Manuela Velasco, Pablo Rosso, Javier Coromina, Ferrán Terraza, Martha Carbonell",Julio Fernández,1500000,32511655,6.3422,7.224,4813,[]
147441,Exodus: Gods and Kings,2014-12-03,"Adventure, Drama, Action",Ridley Scott,"Christian Bale, Joel Edgerton, Ben Kingsley, John Turturro, Aaron Paul","Ridley Scott, Mark Huffam",140000000,268031828,9.2383,5.88,4815,[]
824,Moulin Rouge!,2001-05-18,"Drama, Romance, Music",Baz Luhrmann,"Ewan McGregor, Nicole Kidman, John Leguizamo, Jim Broadbent, Richard Roxburgh","Baz Luhrmann, Fred Baron",52500000,179213434,6.9997,7.531,4813,[]
299054,Expend4bles,2023-09-15,"Action, Adventure, Thriller",Scott Waugh,"Jason Statham, 50 Cent, Megan Fox, Dolph Lundgren, Tony Jaa","Yariv Lerner, Les Weldon",100000000,37917985,8.2825,6.072,1845,[]
406759,Moonfall,2022-02-02,"Science Fiction, Adventure, Action",Roland Emmerich,"Halle Berry, Patrick Wilson, John Bradley, Charlie Plummer, Kelly Yu","Harald Kloser, Roland Emmerich",146000000,67319703,6.8672,6.25,3527,[]
1607,A Bronx Tale,1993-10-01,"Drama, Crime",Robert De Niro,"Robert De Niro, Chazz Palminteri, Lillo Brancato, Francis Capra, Taral Hicks","Robert De Niro, Jon Kilik",22000000,17287898,7.4849,7.872,2813,[]
343668,Kingsman: The Golden Circle,2017-09-20,"Action, Adventure, Comedy, Crime",Matthew Vaughn,"Taron Egerton, Colin Firth, Julianne Moore, Mark Strong, Hanna Alström","Matthew Vaughn, David Reid",104000000,410902662,6.5004,6.946,11063,[]
536554,M3GAN,2022-12-28,"Science Fiction, Horror",Gerard Johnstone,"Allison Williams, Violet McGraw, Amie Donald, Jenna Davis, Ronny Chieng","James Wan, Jason Blum",12000000,181796517,7.2545,7.027,4747,[]
9637,Scooby-Doo,2002-06-14,"Mystery, Adventure, Comedy",Raja Gosnell,"Freddie Prinze Jr., Sarah Michelle Gellar, Matthew Lillard, Linda Cardellini, Neil Fanning","Charles Roven, Richard Suckle",84000000,275650703,5.6065,6.099,4740,[]
1578,Raging Bull,1980-11-14,"Drama, History",Martin Scorsese,"Robert De Niro, Cathy Moriarty, Joe Pesci, Frank Vincent, Nicholas Colasanto","Irwin Winkler, Robert Chartoff",18000000,23380203,5.2247,7.905,4721,[]
9602,Coming to America,1988-06-29,"Comedy, Romance",John Landis,"Eddie Murphy, Arsenio Hall, Shari Headley, John Amos, James Earl Jones","George Folsey Jr., Robert D. Wachs",30000000,288752301,7.8477,6.876,4699,[]
193756,Lone Survivor,2013-12-24,"War, Action, Drama",Peter Berg,"Mark Wahlberg, Taylor Kitsch, Emile Hirsch, Ben Foster, Eric Bana","Akiva Goldsman, Barry Spikings",40000000,149295601,5.6776,7.429,4695,[]
1577,Resident Evil: Apocalypse,2004-09-10,"Horror, Action, Science Fiction",Alexander Witt,"Milla Jovovich, Sienna Guillory, Oded Fehr, Thomas Kretschmann, Sophie Vavasseur","Paul W. S. Anderson, Don Carmody",45000000,129342769,3.2397,6.357,4694,[]
133805,Carrie,2013-10-16,"Drama, Horror",Kimberly Peirce,"Chloë Grace Moretz, Julianne Moore, Gabriella Wilde, Ansel Elgort, Alex Russell",Kevin Misher,30000000,84790678,3.3674,6.0,4688,[]
957,Spaceballs,1987-06-24,"Comedy, Science Fiction",Mel Brooks,"Mel Brooks, John Candy, Rick Moranis, Bill Pullman, Daphne Zuniga",Mel Brooks,22700000,38120460,7.9921,6.862,3353,[]
103663,The Hunt,2012-10-25,Drama,Thomas Vinterberg,"Mads Mikkelsen, Thomas Bo Larsen, Annika, Lasse Fogelstrøm, Susse Wold","Thomas Vinterberg, Morten Kaufmann",3800000,18300000,6.1957,8.096,4695,[]
10474,The Basketball Diaries,1995-04-21,"Drama, Crime",Scott Kalvert,"Leonardo DiCaprio, Bruno Kirby, Lorraine Bracco, Ernie Hudson, Patrick McGaw","Liz Heller, John Bard Manulis",2000000,2381087,7.6009,7.398,2175,[]
8078,Alien Resurrection,1997-11-12,"Science Fiction, Horror, Action",Jean-Pierre Jeunet,"Sigourney Weaver, Winona Ryder, Dominique Pinon, Ron Perlman, Gary Dourdan","Bill Badalato, Gordon Carroll",70000000,162000000,6.8082,6.165,5486,[]
755,From Dusk Till Dawn,1996-01-19,"Horror, Action, Thriller, Crime",Robert Rodriguez,"George Clooney, Quentin Tarantino, Harvey Keitel, Juliette Lewis, Ernest Liu","Gianni Nunnari, Meir Teper",19000000,25800000,7.5104,7.04,6441,[]
427641,Rampage,2018-04-11,"Action, Adventure, Science Fiction",Brad Peyton,"Dwayne Johnson, Naomie Harris, Malin Åkerman, Jeffrey Dean Morgan, Jake Lacy","Hiram Garcia, Beau Flynn",120000000,428028233,7.0452,6.447,7455,[]
785084,The Whale,2022-12-09,Drama,Darren Aronofsky,"Brendan Fraser, Sadie Sink, Ty Simpkins, Hong Chau, Samantha Morton","Darren Aronofsky, Ari Handel",3000000,55101305,6.7723,7.775,4612,[]
1061474,Superman,2025-07-09,"Science Fiction, Adventure, Action",James Gunn,"David Corenswet, Rachel Brosnahan, Nicholas Hoult, Edi Gathegi, Nathan Fillion","James Gunn, Peter Safran",225000000,616823803,27.4639,7.343,4595,[]
63311,The Skin I Live In,2011-08-17,"Drama, Horror, Mystery, Thriller",Pedro Almodóvar,"Antonio Banderas, Elena Anaya, Marisa Paredes, Jan Cornet, Roberto Álamo","Esther García, Agustín Almodóvar",13000000,33750478,3.7957,7.489,4578,[]
4133,Blow,2001-04-04,"Crime, Drama",Ted Demme,"Johnny Depp, Penélope Cruz, Franka Potente, Rachel Griffiths, Ray Liotta","Ted Demme, Denis Leary",53000000,83300000,7.0752,7.351,4561,[]
73723,The Lorax,2012-03-01,"Animation, Family",Chris Renaud,"Danny DeVito, Ed Helms, Zac Efron, Rob Riggle, Taylor Swift","Janet Healey, Chris Meledandri",70000000,349305397,7.0173,6.523,3836,[]
417859,Puss in Boots,2011-10-27,"Animation, Family, Fantasy, Adventure, Comedy",Chris Miller,"Antonio Banderas, Salma Hayek Pinault, Zach Galifianakis, Billy Bob Thornton, Amy Sedaris","Latifa Ouaou, Joe M. Aguilar",130000000,554987477,5.8236,6.594,4508,[]
329996,Dumbo,2019-03-27,"Family, Fantasy, Adventure",Tim Burton,"Colin Farrell, Michael Keaton, Danny DeVito, Eva Green, Nico Parker","Justin Springer, Ehren Kruger",170000000,353284621,4.2106,6.59,4507,[]
72545,Journey 2: The Mysterious Island,2012-01-19,"Adventure, Action, Science Fiction",Brad Peyton,"Dwayne Johnson, Josh Hutcherson, Vanessa Hudgens, Luis Guzmán, Michael Caine","Tripp Vinson, Beau Flynn",79000000,355692760,5.0016,6.146,4477,[]
419680,Daddy's Home 2,2017-11-09,Comedy,Sean Anders,"Will Ferrell, Mark Wahlberg, Mel Gibson, John Lithgow, Linda Cardellini","Will Ferrell, Adam McKay",69000000,180613180,7.0155,6.31,2717,[]
11621,Porco Rosso,1992-07-18,"Animation, Adventure, Fantasy",Hayao Miyazaki,"Shūichirō Moriyama, Tokiko Kato, Bunshi Katsura VI, Tsunehiko Kamijô, Akemi Okamura","Toshio Suzuki, Yasuyoshi Tokuma",9200000,44600000,7.1004,7.795,3671,[]
884605,No Hard Feelings,2023-06-15,"Comedy, Romance",Gene Stupnitsky,"Jennifer Lawrence, Andrew Barth Feldman, Laura Benanti, Natalie Morales, Matthew Broderick","Alex Saks, Jennifer Lawrence",45000000,83000000,6.9589,6.678,3753,[]
363088,Ant-Man and the Wasp,2018-07-04,"Action, Adventure, Science Fiction",Peyton Reed,"Paul Rudd, Evangeline Lilly, Michael Douglas, Hannah John-Kamen, Randall Park","Kevin Feige, Stephen Broussard",140000000,622674139,6.7678,6.905,14084,[]
9325,The Jungle Book,1967-10-18,"Family, Animation, Adventure",Wolfgang Reitherman,"Bruce Reitherman, Phil Harris, Sebastian Cabot, George Sanders, Sterling Holloway",Walt Disney,4000000,378000000,7.0694,7.278,6630,[]
205587,The Judge,2014-10-08,Drama,David Dobkin,"Robert Downey Jr., Robert Duvall, Vera Farmiga, Vincent D'Onofrio, Jeremy Strong","David Dobkin, Susan Downey",40000000,84419388,5.4722,7.3,4394,[]
12244,9,2009-08-19,"Action, Adventure, Animation, Science Fiction, Thriller",Shane Acker,"Elijah Wood, Christopher Plummer, Martin Landau, John C. Reilly, Crispin Glover","Marci Levine, Mary Clayton",30000000,48428063,7.0646,6.946,3836,[]
2270,Stardust,2007-08-10,"Adventure, Fantasy, Romance, Family",Matthew Vaughn,"Charlie Cox, Claire Danes, Michelle Pfeiffer, Mark Strong, Jason Flemyng","Michael Dreyer, Chantal Feghali",70000000,137500000,6.6082,7.285,4387,[]
132232,Mama,2013-01-17,Horror,Andy Muschietti,"Jessica Chastain, Nikolaj Coster-Waldau, Megan Charpentier, Isabelle Nélisse, Daniel Kash","J. Miles Dale, Barbara Muschietti",15000000,146428180,4.962,6.289,4382,[]
188161,A Million Ways to Die in the West,2014-05-22,"Comedy, Western",Seth MacFarlane,"Seth MacFarlane, Charlize Theron, Amanda Seyfried, Liam Neeson, Giovanni Ribisi","Jason Clark, Seth MacFarlane",40000000,86400000,4.4794,6.052,4363,[]
87421,Riddick,2013-09-02,"Science Fiction, Action, Thriller",David Twohy,"Vin Diesel, Nolan Gerard Funk, Matt Nable, Katee Sackhoff, Jordi Mollà","Vin Diesel, Ted Field",38000000,98337295,4.1222,6.3,4366,[]
503736,Army of the Dead,2021-05-14,"Crime, Action, Horror",Zack Snyder,"Dave Bautista, Ella Purnell, Omari Hardwick, Ana de la Reguera, Theo Rossi","Deborah Snyder, Zack Snyder",90000000,190700000,4.6686,6.209,4357,[]
293670,The Wailing,2016-05-12,"Horror, Mystery",Na Hong-jin,"Kwak Do-won, Hwang Jung-min, Chun Woo-hee, Jun Kunimura, Kim Hwan-hee",Lim Min-sub,10951000,49851770,6.895,7.373,2015,[]
9902,Wrong Turn,2003-05-30,"Horror, Thriller",Rob Schmidt,"Eliza Dushku, Desmond Harrington, Emmanuelle Chriqui, Jeremy Sisto, Kevin Zegers","Erik Feig, Brian J. Gilbert",12600000,28650575,7.9929,6.385,2960,[]
549509,The Brutalist,2024-12-20,"Drama, History",Brady Corbet,"Adrien Brody, Felicity Jones, Guy Pearce, Joe Alwyn, Raffey Cassidy","Nick Gordon, D.J. Gugenheim",9600000,50145227,6.0485,6.961,1602,[]
765,Evil Dead II,1987-03-13,"Horror, Comedy, Fantasy",Sam Raimi,"Bruce Campbell, Sarah Berry, Dan Hicks, Kassie DePaiva, Ted Raimi",Robert Tapert,3500000,10900000,6.3237,7.5,3439,[]
676,Pearl Harbor,2001-05-21,"War, Romance, History, Action",Michael Bay,"Ben Affleck, Kate Beckinsale, Josh Hartnett, Cuba Gooding Jr., Jon Voight","Michael Bay, Jerry Bruckheimer",140000000,449220945,7.835,6.936,6941,[]
338953,Fantastic Beasts: The Secrets of Dumbledore,2022-04-06,"Fantasy, Adventure",David Yates,"Eddie Redmayne, Jude Law, Mads Mikkelsen, Ezra Miller, Dan Fogler","David Heyman, J.K. Rowling",200000000,407200000,7.0645,6.6,5043,[]
274479,Joy,2015-12-24,"Drama, Comedy",David O. Russell,"Jennifer Lawrence, Robert De Niro, Bradley Cooper, Edgar Ramírez, Diane Ladd","Megan Ellison, Jonathan Gordon",60000000,101134059,3.534,6.551,4268,[]
49524,R.I.P.D.,2013-07-18,"Fantasy, Action, Comedy",Robert Schwentke,"Jeff Bridges, Ryan Reynolds, Kevin Bacon, Mary-Louise Parker, Stephanie Szostak","Mike Richardson, Michael Fottrell",130000000,61600000,4.8229,5.854,4253,[]
86838,Seven Psychopaths,2012-10-12,"Comedy, Crime",Martin McDonagh,"Colin Farrell, Sam Rockwell, Woody Harrelson, Christopher Walken, Olga Kurylenko","Graham Broadbent, Peter Czernin",15000000,33035736,3.3435,6.824,4236,[]
1587,What's Eating Gilbert Grape,1993-12-17,"Romance, Drama",Lasse Hallström,"Johnny Depp, Leonardo DiCaprio, Juliette Lewis, Mary Steenburgen, Darlene Cates","David Matalon, Bertil Ohlsson",11000000,10000000,4.8681,7.7,4239,[]
840705,Blink Twice,2024-08-21,"Mystery, Thriller",Zoë Kravitz,"Naomi Ackie, Channing Tatum, Alia Shawkat, Christian Slater, Simon Rex","Bruce Cohen, Zoë Kravitz",20000000,46393906,6.7505,6.678,1850,[]
489999,Searching,2018-08-24,"Mystery, Thriller, Drama",Aneesh Chaganty,"John Cho, Michelle La, Debra Messing, Joseph Lee, Sara Sohn","Natalie Qasabian, Adam Sidman",1000000,75462037,3.3864,7.57,4187,[]
1948,Crank,2006-08-31,"Action, Thriller, Crime",Brian Taylor,"Jason Statham, Amy Smart, Jose Pablo Cantillo, Efren Ramirez, Dwight Yoakam","Michael Davis, Skip Williamson",12000000,42900000,7.6756,6.652,4158,[]
48138,Unknown,2011-02-16,"Action, Mystery, Thriller",Jaume Collet-Serra,"Liam Neeson, Diane Kruger, January Jones, Aidan Quinn, Bruno Ganz","Andrew Rona, Joel Silver",30000000,130786397,3.9658,6.69,4135,[]
4771,Gone Baby Gone,2007-09-18,"Crime, Drama, Mystery",Ben Affleck,"Casey Affleck, Michelle Monaghan, Morgan Freeman, Ed Harris, John Ashton","Sean Bailey, Alan Ladd Jr.",19000000,34600000,4.1583,7.306,4136,[]
196,Back to the Future Part III,1990-05-25,"Adventure, Comedy, Science Fiction",Robert Zemeckis,"Michael J. Fox, Christopher Lloyd, Mary Steenburgen, Thomas F. Wilson, Lea Thompson","Neil Canton, Bob Gale",40000000,244527583,6.221,7.491,11415,[]
39514,RED,2010-10-13,"Action, Adventure, Comedy, Crime, Thriller",Robert Schwentke,"Bruce Willis, John Malkovich, Morgan Freeman, Helen Mirren, Mary-Louise Parker","Lorenzo di Bonaventura, Mark Vahradian",58000000,199006387,7.3853,6.706,7099,[]
1885,The Karate Kid,1984-06-22,"Action, Drama",John G. Avildsen,"Ralph Macchio, Pat Morita, Elisabeth Shue, William Zabka, Martin Kove",Jerry Weintraub,8000000,91138075,7.5282,7.218,4655,[]
16871,Drag Me to Hell,2009-05-27,"Horror, Thriller",Sam Raimi,"Alison Lohman, Justin Long, Lorna Raver, Dileep Rao, David Paymer","Robert Tapert, Grant Curtis",30000000,91388487,3.963,6.475,4045,[]
2253,Valkyrie,2008-12-25,"Drama, Thriller, War",Bryan Singer,"Tom Cruise, Kenneth Branagh, Bill Nighy, Terence Stamp, Tom Wilkinson","Christopher McQuarrie, Bryan Singer",75000000,200276000,5.2011,6.953,4037,[]
3082,Modern Times,1936-02-05,"Comedy, Drama, Romance",Charlie Chaplin,"Charlie Chaplin, Paulette Goddard, Henry Bergman, Tiny Sandford, Chester Conklin",Charlie Chaplin,1500000,1800000,5.5052,8.281,4047,[]
9880,The Princess Diaries,2001-08-03,"Comedy, Family, Romance",Garry Marshall,"Anne Hathaway, Julie Andrews, Heather Matarazzo, Caroline Goodall, Héctor Elizondo","Mario Iscovich, Whitney Houston",37000000,165335153,6.8205,6.96,5232,[]
5255,The Polar Express,2004-11-10,"Animation, Family, Fantasy, Adventure",Robert Zemeckis,"Tom Hanks, Leslie Zemeckis, Eddie Deezen, Nona Gaye, Peter Scolari","William Teitler, Steve Starkey",165000000,318432432,9.169,6.724,6834,[]
12163,The Wrestler,2008-09-07,"Drama, Romance",Darren Aronofsky,"Mickey Rourke, Marisa Tomei, Evan Rachel Wood, Mark Margolis, Todd Barry","Scott Franklin, Darren Aronofsky",6000000,44734660,4.8291,7.538,3976,[]
257445,Goosebumps,2015-08-05,"Adventure, Horror, Comedy",Rob Letterman,"Jack Black, Dylan Minnette, Odeya Rush, Amy Ryan, Ryan Lee","Deborah Forte, Neal H. Moritz",58000000,158952243,4.1147,6.309,3962,[]
334,Magnolia,1999-12-17,Drama,Paul Thomas Anderson,"Tom Cruise, Philip Baker Hall, Philip Seymour Hoffman, Julianne Moore, William H. Macy","JoAnne Sellar, Paul Thomas Anderson",37000000,48451803,5.8025,7.732,3966,[]
296099,Vacation,2015-07-28,"Comedy, Adventure",John Francis Daley,"Ed Helms, Christina Applegate, Skyler Gisondo, Steele Stebbins, Chris Hemsworth","David Dobkin, Chris Bender",31000000,104400000,5.3053,6.306,3950,[]
22947,Up in the Air,2009-12-04,"Drama, Romance",Jason Reitman,"George Clooney, Vera Farmiga, Anna Kendrick, Sam Elliott, Amy Morton","Jason Reitman, Ivan Reitman",25000000,166842739,3.1952,6.892,3951,[]
258480,Carol,2015-11-20,"Romance, Drama",Todd Haynes,"Cate Blanchett, Rooney Mara, Kyle Chandler, Jake Lacy, Sarah Paulson","Stephen Woolley, Christine Vachon",11800000,40272135,4.3453,7.498,3931,[]
321258,The Boy,2016-01-22,"Horror, Mystery, Thriller",William Brent Bell,"Lauren Cohan, Rupert Evans, James Russell, Jim Norton, Diana Hardcastle","Matt Berenson, Gary Lucchesi",10000000,73929392,3.2779,5.973,3930,[]
1371185,Song Sung Blue,2025-12-25,"Music, Romance, Drama",Craig Brewer,"Hugh Jackman, Kate Hudson, Michael Imperioli, Fisher Stevens, Jim Belushi","Craig Brewer, John Davis",30000000,57889762,6.222,7.4,218,[]
1309012,Altered,2025-09-18,"Science Fiction, Action",Timo Vuorensola,"Tom Felton, Aggy K. Adams, Elizaveta Bugulova, Igor Jijikine, Richard Brake","Andreas Klein, Marko Moellers",15000000,346774,6.0838,5.8,100,[]
19912,The Final Destination,2009-08-26,"Horror, Mystery",David R. Ellis,"Bobby Campo, Shantel VanSanten, Nick Zano, Haley Webb, Mykelti Williamson","Craig Perry, Warren Zide",40000000,187384627,5.451,5.613,3858,[]
239,Some Like It Hot,1959-03-19,"Comedy, Romance, Crime",Billy Wilder,"Tony Curtis, Jack Lemmon, Marilyn Monroe, George Raft, Pat O'Brien",Billy Wilder,2900000,25000000,5.1815,8.085,3829,[]
947,Lawrence of Arabia,1962-12-11,"Adventure, History, War",David Lean,"Peter O'Toole, Alec Guinness, Omar Sharif, Anthony Quinn, Jack Hawkins",Sam Spiegel,15000000,70000000,6.3894,8.0,3382,[]
9532,Final Destination,2000-03-17,Horror,James Wong,"Devon Sawa, Ali Larter, Kerr Smith, Kristen Cloke, Daniel Roebuck","Warren Zide, Craig Perry",23000000,112880294,6.6583,6.63,6588,[]
1012201,HAIKYU!! The Dumpster Battle,2024-02-16,"Animation, Comedy",Susumu Mitsunaka,"Ayumu Murase, Kaito Ishikawa, Yuki Kaji, Yuichi Nakamura, Satoshi Hino","Shoichiro Taguchi, Mitsuteru Hishiyama",5000000,100255784,6.2684,7.7,235,[]
579974,RRR,2022-03-24,"Action, Adventure, Drama",S. S. Rajamouli,"N.T. Rama Rao Jr., Ram Charan, Olivia Morris, Ray Stevenson, Alison Doody",DVV Danayya,69000000,160000000,7.6353,7.715,1569,[]
9374,Death Becomes Her,1992-07-30,"Comedy, Fantasy, Horror",Robert Zemeckis,"Meryl Streep, Goldie Hawn, Bruce Willis, Isabella Rossellini, Ian Ogilvy","Robert Zemeckis, Steve Starkey",55000000,149000000,6.5969,6.8,2934,[]
628,Interview with the Vampire,1994-11-11,"Horror, Drama, Fantasy",Neil Jordan,"Tom Cruise, Brad Pitt, Antonio Banderas, Christian Slater, Stephen Rea","David Geffen, Stephen Woolley",60000000,223664608,6.8474,7.386,6360,[]
718789,Lightyear,2022-06-15,"Animation, Science Fiction, Family, Adventure",Angus MacLane,"Chris Evans, Keke Palmer, Peter Sohn, Taika Waititi, Dale Soules",Galyn Susman,200000000,226425420,5.5618,6.879,3753,[]
80,Before Sunset,2004-06-16,"Drama, Romance",Richard Linklater,"Ethan Hawke, Julie Delpy, Vernon Dobtcheff, Louise Lemoine Torrès, Rodolphe Pauly","Richard Linklater, Anne Walker-McBay",2700000,15992615,3.4972,7.81,3751,[]
397567,Along with the Gods: The Two Worlds,2017-12-20,"Action, Adventure, Drama, Fantasy, Thriller",Kim Yong-hwa,"Ha Jung-woo, Cha Tae-hyun, Ju Ji-hoon, Kim Hyang-gi, Lee Jung-jae","Won Dong-yeon, Kim Ho-sung",18300000,125983972,6.5698,8.039,1172,[]
90,Beverly Hills Cop,1984-12-05,"Comedy, Crime, Action",Martin Brest,"Eddie Murphy, Judge Reinhold, John Ashton, Lisa Eilbacher, Ronny Cox","Jerry Bruckheimer, Don Simpson",14000000,316360478,6.6302,7.202,4549,[]
9870,Forgetting Sarah Marshall,2008-04-17,"Comedy, Romance, Drama",Nicholas Stoller,"Jason Segel, Kristen Bell, Mila Kunis, Russell Brand, Bill Hader","Judd Apatow, Shauna Robertson",30000000,105173115,3.3143,6.504,3651,[]
2322,Sneakers,1992-09-09,"Comedy, Crime, Drama",Phil Alden Robinson,"Robert Redford, Sidney Poitier, David Strathairn, Dan Aykroyd, River Phoenix","Lawrence Lasker, Walter F. Parkes",23000000,105232691,6.5746,6.913,1041,[]
77950,Turbo,2013-07-11,"Animation, Family",David Soren,"Ryan Reynolds, Paul Giamatti, Michael Peña, Samuel L. Jackson, Luis Guzmán",Lisa Stewart,135000000,282570682,4.7618,6.266,3647,[]
914,The Great Dictator,1940-10-15,"Comedy, War",Charlie Chaplin,"Charlie Chaplin, Paulette Goddard, Jack Oakie, Reginald Gardiner, Henry Daniell",Charlie Chaplin,2000000,11000000,7.1453,8.282,3671,[]
926393,The Equalizer 3,2023-08-30,"Action, Thriller, Crime",Antoine Fuqua,"Denzel Washington, Dakota Fanning, Eugenio Mastrandrea, David Denman, Gaia Scodellaro","Todd Black, Denzel Washington",70000000,191067560,10.3583,7.29,3644,[]
9291,The Longest Yard,2005-05-27,"Drama, Comedy, Crime",Peter Segal,"Adam Sandler, Chris Rock, James Cromwell, Nelly, Michael Irvin",Jack Giarraputo,90000000,191466556,5.4212,6.667,3637,[]
10009,Brother Bear,2003-10-23,"Adventure, Animation, Family",Aaron Blaise,"Joaquin Phoenix, Jeremy Suarez, Jason Raize, Rick Moranis, Dave Thomas",Chuck Williams,128000000,250397798,5.7063,7.3,5714,[]
454,Romeo + Juliet,1996-11-01,"Drama, Romance",Baz Luhrmann,"Leonardo DiCaprio, Claire Danes, Jesse Bradford, Vondie Curtis-Hall, Brian Dennehy","Baz Luhrmann, Gabriella Martinelli",14500000,147298761,6.7184,6.78,5309,[]
975,Paths of Glory,1957-10-25,"War, Drama",Stanley Kubrick,"Kirk Douglas, Ralph Meeker, Adolphe Menjou, George Macready, Wayne Morris","James B. Harris, Kirk Douglas",935000,1200000,6.7495,8.257,3247,[]
570670,The Invisible Man,2020-02-26,"Thriller, Science Fiction, Horror",Leigh Whannell,"Elisabeth Moss, Aldis Hodge, Storm Reid, Michael Dorman, Harriet Dyer","Jason Blum, Kylie du Fresne",7000000,144492724,6.3601,7.093,6198,[]
261023,Black Mass,2015-09-17,"Drama, Crime, History",Scott Cooper,"Johnny Depp, Joel Edgerton, Julianne Nicholson, Dakota Johnson, Kevin Bacon","Scott Cooper, Patrick McCormick",53000000,99975678,3.7402,6.53,3567,[]
314,Catwoman,2004-07-22,"Action, Fantasy, Crime",Pitof,"Halle Berry, Benjamin Bratt, Sharon Stone, Lambert Wilson, Frances Conroy","Denise Di Novi, Edward McDonnell",100000000,82102379,3.6509,4.6,3550,[]
8487,Wild Wild West,1999-06-30,"Action, Adventure, Comedy, Science Fiction, Western",Barry Sonnenfeld,"Will Smith, Kevin Kline, Kenneth Branagh, Salma Hayek Pinault, M. Emmet Walsh","Jon Peters, Barry Sonnenfeld",170000000,222104681,3.8745,5.319,3551,[]
8367,Robin Hood: Prince of Thieves,1991-06-14,"Action, Adventure, Drama",Kevin Reynolds,"Kevin Costner, Morgan Freeman, Mary Elizabeth Mastrantonio, Christian Slater, Alan Rickman","John Watson, Pen Densham",48000000,390493908,5.1087,6.854,3545,[]
1245993,Caught Stealing,2025-08-26,"Crime, Thriller, Comedy",Darren Aronofsky,"Austin Butler, Regina King, Zoë Kravitz, Matt Smith, Liev Schreiber","Darren Aronofsky, Ari Handel",40000000,32703294,6.0266,6.9,885,[]
82507,Sinister,2012-03-29,"Horror, Thriller, Mystery",Scott Derrickson,"Ethan Hawke, Juliet Rylance, Vincent D'Onofrio, James Ransone, Fred Thompson","Brian Kavanaugh-Jones, Jason Blum",3000000,82515113,6.042,6.9,5977,[]
8619,Master and Commander: The Far Side of the World,2003-11-14,"Adventure, Drama, War",Peter Weir,"Russell Crowe, Paul Bettany, James D'Arcy, Robert Pugh, David Threlfall","Duncan Henderson, Samuel Goldwyn Jr.",150000000,211623421,3.5914,7.188,3480,[]
140823,Saving Mr. Banks,2013-11-29,"Comedy, Drama, History",John Lee Hancock,"Emma Thompson, Tom Hanks, Colin Farrell, Paul Giamatti, Ruth Wilson","Philip Steuer, Ian Collie",35000000,112544580,2.1777,7.3,3464,[]
906126,Society of the Snow,2023-12-15,"Drama, History",J. A. Bayona,"Enzo Vogrincic, Agustín Pardella, Matías Recalt, Esteban Bigliardi, Diego Vegezzi","Belén Atienza, Sandra Hermida",65500000,1281,4.0219,7.976,3461,[]
2005,Sister Act,1992-05-28,"Music, Comedy",Emile Ardolino,"Whoopi Goldberg, Maggie Smith, Kathy Najimy, Wendy Makkena, Mary Wickes",Teri Schwartz,31000000,231605150,5.1377,6.825,3414,[]
644495,House of Gucci,2021-11-24,"Drama, Crime, History",Ridley Scott,"Lady Gaga, Adam Driver, Al Pacino, Jeremy Irons, Jared Leto","Mark Huffam, Ridley Scott",75000000,153235995,3.6541,6.566,3411,[]
8337,They Live,1988-11-04,"Science Fiction, Action, Thriller",John Carpenter,"Roddy Piper, Keith David, Meg Foster, George Buck Flower, Peter Jason",Larry Franco,4000000,13000000,6.1301,7.295,3421,[]
11130,The Princess Diaries 2: Royal Engagement,2004-08-06,"Comedy, Drama, Family, Romance",Garry Marshall,"Anne Hathaway, Julie Andrews, Héctor Elizondo, John Rhys-Davies, Heather Matarazzo","Debra Martin Chase, Whitney Houston",40000000,134734481,5.1142,6.7,3387,[]
841,Dune,1984-12-14,"Action, Science Fiction, Adventure",David Lynch,"Kyle MacLachlan, Francesca Annis, Patrick Stewart, Linda Hunt, José Ferrer","Raffaella De Laurentiis, Dino De Laurentiis",40000000,31502434,7.0595,6.181,3384,[]
881,A Few Good Men,1992-12-11,Drama,Rob Reiner,"Tom Cruise, Jack Nicholson, Demi Moore, Kevin Bacon, Kiefer Sutherland","Andrew Scheinman, Rob Reiner",40000000,243240178,7.0082,7.542,4096,[]
9378,Thir13en Ghosts,2001-10-26,"Horror, Thriller",Steve Beck,"Tony Shalhoub, Embeth Davidtz, Matthew Lillard, Shannon Elizabeth, Alec Roberts","Joel Silver, Gilbert Adler",42000000,68467960,5.8602,6.286,2334,[]
420634,Terrifier,2018-01-25,Horror,Damien Leone,"David Howard Thornton, Jenna Kanell, Samantha Scaffidi, Catherine Corcoran, Pooya Mohseni","George Steuber, Damien Leone",35000,421798,5.8312,6.321,2918,[]
10228,Pokémon: The First Movie,1998-07-18,"Animation, Family, Adventure, Fantasy, Action",Kunihiko Yuyama,"Rica Matsumoto, Ikue Otani, Mayumi Izuka, Satomi Korogi, Yuji Ueda",Choji Yoshikawa,30000000,163644940,6.0799,7.0,1566,[]
180863,T2 Trainspotting,2017-01-27,"Drama, Comedy, Crime",Danny Boyle,"Ewan McGregor, Jonny Lee Miller, Ewen Bremner, Robert Carlyle, Anjela Nedyalkova","Bernard Bellew, Danny Boyle",18000000,41681746,2.5486,6.942,3335,[]
968,Dog Day Afternoon,1975-09-21,"Crime, Drama, Thriller",Sidney Lumet,"Al Pacino, John Cazale, Charles Durning, Chris Sarandon, James Broderick","Martin Bregman, Martin Elfand",1800000,56665856,3.6415,7.844,3324,[]
597208,Nightmare Alley,2021-12-02,"Crime, Drama, Thriller",Guillermo del Toro,"Bradley Cooper, Cate Blanchett, Toni Collette, Willem Dafoe, Richard Jenkins","Bradley Cooper, J. Miles Dale",60000000,39629195,4.7364,7.0,3316,[]
556984,The Trial of the Chicago 7,2020-09-25,"Drama, History",Aaron Sorkin,"Eddie Redmayne, Sacha Baron Cohen, Mark Rylance, Joseph Gordon-Levitt, Frank Langella","Stuart M. Besser, Matt Jackson",35000000,107423,2.8476,7.667,3314,[]
10775,Infernal Affairs,2002-12-12,"Drama, Action, Thriller, Crime, Mystery",Alan Mak Siu-Fai,"Andy Lau, Tony Leung Chiu-wai, Anthony Wong Chau-Sang, Eric Tsang Chi-Wai, Kelly Chen","Andrew Lau Wai-Keung, Ronald Wong",6400000,8836958,5.016,7.8,1837,[]
594767,Shazam! Fury of the Gods,2023-03-15,"Comedy, Action, Fantasy",David F. Sandberg,"Zachary Levi, Asher Angel, Jack Dylan Grazer, Rachel Zegler, Adam Brody",Peter Safran,110000000,134221819,5.6925,6.429,3596,[]
798286,Beau Is Afraid,2023-04-14,"Comedy, Adventure, Fantasy",Ari Aster,"Joaquin Phoenix, Patti LuPone, Amy Ryan, Nathan Lane, Kylie Rogers","Ari Aster, Lars Knudsen",35000000,12337378,6.2108,6.705,1294,[]
334543,Lion,2016-11-24,Drama,Garth Davis,"Dev Patel, Rooney Mara, David Wenham, Nicole Kidman, Abhishek Bharate","Iain Canning, Emile Sherman",12000000,140312928,5.2202,8.04,6920,[]
1149504,Honey Don't!,2025-08-21,"Comedy, Crime, Mystery, Thriller",Ethan Coen,"Margaret Qualley, Aubrey Plaza, Chris Evans, Lera Abova, Jacnier","Tim Bevan, Eric Fellner",20000000,7445237,5.2532,5.593,359,[]
440,Aliens vs Predator: Requiem,2007-12-25,"Action, Science Fiction, Thriller, Horror",Colin Strause,"David Paetkau, Sam Trammell, Steven Pasquale, Reiko Aylesworth, John Ortiz","John Davis, David Giler",40000000,130290885,5.1196,5.181,3277,[]
62764,Mirror Mirror,2012-03-15,"Adventure, Comedy, Family, Fantasy",Tarsem Singh,"Julia Roberts, Lily Collins, Armie Hammer, Nathan Lane, Mare Winningham","Bernie Goldmann, Ryan Kavanaugh",85000000,183018522,3.3514,5.912,3272,[]
9772,Air Force One,1997-07-25,"Action, Thriller",Wolfgang Petersen,"Harrison Ford, Gary Oldman, Glenn Close, Wendy Crewson, Liesel Matthews","Armyan Bernstein, Jonathan Shestack",85000000,315200000,4.6759,6.5,3275,[]
8741,The Thin Red Line,1998-12-23,"Drama, History, War",Terrence Malick,"Jim Caviezel, Nick Nolte, Sean Penn, Ben Chaplin, Elias Koteas","Robert Michael Geisler, John Roberdeau",52000000,98126565,5.0814,7.444,3257,[]
9714,Home Alone 3,1997-12-12,"Comedy, Family",Raja Gosnell,"Alex D. Linz, Olek Krupa, Rya Kihlstedt, Lenny Von Dohlen, David Thornton","John Hughes, Hilton A. Green",32000000,79082515,4.5709,5.275,3257,[]
426543,The Nutcracker and the Four Realms,2018-10-26,"Family, Fantasy, Adventure",Lasse Hallström,"Mackenzie Foy, Jayden Fowora-Knight, Tom Sweet, Keira Knightley, Helen Mirren","Mark Gordon, Larry Franco",120000000,173961069,5.5837,6.1,2233,[]
619,The Bodyguard,1992-11-25,"Action, Drama, Romance",Mick Jackson,"Kevin Costner, Whitney Houston, Gary Kemp, Bill Cobbs, Ralph Waite","Kevin Costner, Lawrence Kasdan",25000000,411006740,5.1325,6.7,3208,[]
15472,The Girl with the Dragon Tattoo,2009-02-27,"Drama, Thriller, Crime, Mystery",Niels Arden Oplev,"Michael Nyqvist, Noomi Rapace, Lena Endre, Sven-Bertil Taube, Peter Haber",Søren Stærmose,13000000,109421911,3.6998,7.533,3199,[]
1934,Shakespeare in Love,1998-12-11,"Romance, History, Comedy",John Madden,"Joseph Fiennes, Gwyneth Paltrow, Geoffrey Rush, Tom Wilkinson, Judi Dench","Harvey Weinstein, Edward Zwick",25000000,289317794,3.2449,6.835,3183,[]
525661,Bombshell,2019-12-13,Drama,Jay Roach,"Charlize Theron, Margot Robbie, Nicole Kidman, John Lithgow, Allison Janney","A.J. Dix, Beth Kono",32000000,61404394,4.3108,6.778,3175,[]
10521,Bride Wars,2009-01-09,"Comedy, Romance",Gary Winick,"Kate Hudson, Anne Hathaway, Bryan Greenberg, Chris Pratt, Steve Howey","Alan Riche, Julie Yorn",30000000,115375850,3.0162,6.246,3165,[]
1970,The Grudge,2004-10-22,"Horror, Mystery, Thriller",Takashi Shimizu,"Sarah Michelle Gellar, Jason Behr, Takako Fuji, Yuya Ozeki, William Mapother","Sam Raimi, Robert Tapert",10000000,183474602,3.5819,5.925,3160,[]
957452,The Crow,2024-08-21,"Action, Fantasy, Horror",Rupert Sanders,"Bill Skarsgård, FKA twigs, Danny Huston, Josette Simon, Laura Birn","Edward R. Pressman, Molly Hassell",50000000,24109036,5.9193,5.812,1234,[]
12599,Pokémon the Movie 2000,1999-07-17,"Adventure, Fantasy, Animation, Science Fiction, Family",Kunihiko Yuyama,"Rica Matsumoto, Ikue Otani, Mayumi Izuka, Satomi Korogi, Tomokazu Seki","Ken Sakamoto, Choji Yoshikawa",30000000,133949270,5.8007,6.737,928,[]
252,Willy Wonka & the Chocolate Factory,1971-06-29,"Family, Fantasy, Comedy",Mel Stuart,"Gene Wilder, Jack Albertson, Peter Ostrum, Roy Kinnear, Julie Dawn Cole","Stan Margulies, David L. Wolper",3000000,4000000,5.7559,7.483,3912,[]
4995,Boogie Nights,1997-10-07,Drama,Paul Thomas Anderson,"Mark Wahlberg, Burt Reynolds, Julianne Moore, John C. Reilly, Heather Graham","Lloyd Levin, JoAnne Sellar",15000000,43101594,5.8379,7.6,3520,[]
1160360,If I Had Legs I'd Kick You,2025-10-10,Drama,Mary Bronstein,"Rose Byrne, Conan O'Brien, A$AP Rocky, Danielle Macdonald, Delaney Quinn","Ryan Zacarias, Josh Safdie",1500000,1694909,5.1825,6.348,283,[]
458897,Charlie's Angels,2019-11-14,"Action, Adventure, Comedy",Elizabeth Banks,"Kristen Stewart, Naomi Scott, Ella Balinska, Elizabeth Banks, Patrick Stewart","Elizabeth Banks, Max Handelman",48000000,73279888,4.2345,6.384,3123,[]
249397,Nymphomaniac: Vol. II,2013-12-25,"Drama, Mystery",Lars von Trier,"Charlotte Gainsbourg, Stellan Skarsgård, Stacy Martin, Shia LaBeouf, Willem Dafoe",Louise Vesth,2350000,4934725,10.5532,6.708,3116,[]
36685,The Rocky Horror Picture Show,1975-08-14,"Comedy, Science Fiction, Fantasy, Horror",Jim Sharman,"Tim Curry, Susan Sarandon, Barry Bostwick, Richard O'Brien, Patricia Quinn",Michael White,1400000,171181400,4.1202,7.4,3107,[]
23398,Alvin and the Chipmunks: The Squeakquel,2009-12-21,"Comedy, Family, Animation, Fantasy, Music",Betty Thomas,"Zachary Levi, David Cross, Jason Lee, Justin Long, Matthew Gray Gubler","Ross Bagdasarian, Jr., Janice Karman",75000000,443140005,4.4438,5.655,3107,[]
665,Ben-Hur,1959-11-18,"History, Drama, Adventure",William Wyler,"Charlton Heston, Stephen Boyd, Hugh Griffith, Jack Hawkins, Haya Harareet",Sam Zimbalist,15000000,164000000,18.7342,7.883,3103,[]
8068,Desperado,1995-08-25,"Thriller, Action, Crime",Robert Rodriguez,"Antonio Banderas, Salma Hayek Pinault, Joaquim de Almeida, Steve Buscemi, Cheech Marin","Robert Rodriguez, Bill Borden",7000000,25405445,5.5148,6.931,3102,[]
1267,Meet the Robinsons,2007-03-23,"Animation, Comedy, Family, Science Fiction, Adventure",Stephen J. Anderson,"Daniel Hansen, Jordan Fry, Wesley Singerman, Matthew Josten, Stephen J. Anderson",Dorothy McKim,150000000,169332978,5.0052,6.932,3095,[]
19,Metropolis,1927-01-10,"Drama, Science Fiction",Fritz Lang,"Gustav Fröhlich, Brigitte Helm, Alfred Abel, Rudolf Klein-Rogge, Theodor Loos",Erich Pommer,5300000,1350322,4.0333,8.1,3064,[]
917496,Beetlejuice Beetlejuice,2024-09-04,"Comedy, Fantasy, Horror",Tim Burton,"Michael Keaton, Winona Ryder, Catherine O'Hara, Jenna Ortega, Justin Theroux","Dede Gardner, Jeremy Kleiner",99000000,452000435,7.8604,6.939,3060,[]
137094,Jack Ryan: Shadow Recruit,2014-01-15,"Action, Drama, Thriller",Kenneth Branagh,"Chris Pine, Keira Knightley, Kevin Costner, Kenneth Branagh, Lenn Kudrjawizki","Lorenzo di Bonaventura, Mace Neufeld",60000000,135500000,4.2737,6.121,3049,[]
35056,Date Night,2010-04-08,"Comedy, Action, Adventure",Shawn Levy,"Steve Carell, Tina Fey, Mark Wahlberg, Taraji P. Henson, Jimmi Simpson",Shawn Levy,55000000,152300000,3.7463,6.108,3038,[]
103731,Mud,2013-04-26,Drama,Jeff Nichols,"Matthew McConaughey, Reese Witherspoon, Tye Sheridan, Jacob Lofland, Sam Shepard","Lisa Maria Falcone, Sarah Green",10000000,32613173,3.9484,7.06,3029,[]
27573,The Bounty Hunter,2010-03-16,"Action, Comedy, Romance",Andy Tennant,"Jennifer Aniston, Gerard Butler, Jason Sudeikis, Jeff Garlin, Ritchie Coster",Neal H. Moritz,40000000,136300000,2.6462,5.8,3029,[]
72784,The Loft,2014-10-14,Thriller,Erik Van Looy,"Karl Urban, James Marsden, Wentworth Miller, Eric Stonestreet, Matthias Schoenaerts","Hilde De Laere, Matt DeRoss",14000000,10100000,4.9278,6.409,1558,[]
390043,The Hitman's Bodyguard,2017-08-16,"Action, Comedy, Crime, Thriller",Patrick Hughes,"Ryan Reynolds, Samuel L. Jackson, Gary Oldman, Salma Hayek Pinault, Élodie Yung","Les Weldon, John Thompson",30000000,176586701,5.2129,6.893,6612,[]
11953,Kagemusha,1980-04-26,"Action, Drama, History, War",Akira Kurosawa,"Tatsuya Nakadai, Tsutomu Yamazaki, Kenichi Hagiwara, Jinpachi Nezu, Hideji Ōtaki",Akira Kurosawa,6000000,4000000,5.7942,7.826,725,[]
768,From Hell,2001-02-08,"Horror, Mystery, Thriller",Albert Hughes,"Johnny Depp, Heather Graham, Ian Holm, Robbie Coltrane, Ian Richardson","Jane Hamsher, Don Murphy",35000000,74558115,3.2284,6.693,2983,[]
5236,Kiss Kiss Bang Bang,2005-09-14,"Comedy, Crime, Mystery",Shane Black,"Robert Downey Jr., Val Kilmer, Michelle Monaghan, Corbin Bernsen, Dash Mihok",Joel Silver,15000000,15785148,2.796,7.162,2979,[]
1580,Rope,1948-02-01,"Thriller, Crime, Drama",Alfred Hitchcock,"James Stewart, John Dall, Farley Granger, Cedric Hardwicke, Constance Collier","Sidney Bernstein, Alfred Hitchcock",1500000,2200000,2.4002,7.9,2973,[]
7484,Open Season,2006-09-27,"Animation, Family, Adventure, Comedy",Jill Culton,"Martin Lawrence, Ashton Kutcher, Gary Sinise, Debra Messing, Billy Connolly","Michelle Murdocca, Buzz Hays",85000000,200811689,4.3645,6.187,2963,[]
402431,Wicked,2024-10-16,"Drama, Romance, Fantasy",Jon M. Chu,"Cynthia Erivo, Ariana Grande, Michelle Yeoh, Jonathan Bailey, Ethan Slater","Marc Platt, David Stone",150000000,758790057,30.4913,6.9,2960,[]
5925,The Great Escape,1963-07-03,"Adventure, Drama, War",John Sturges,"Steve McQueen, James Garner, Richard Attenborough, James Donald, Charles Bronson","John Sturges, James Clavell",4000000,11700000,5.8622,7.929,2811,[]
9279,Jingle All the Way,1996-11-21,"Family, Adventure, Comedy",Brian Levant,"Arnold Schwarzenegger, Sinbad, Phil Hartman, Rita Wilson, Robert Conrad","Chris Columbus, Michael Barnathan",60000000,129832389,3.348,6.062,2909,[]
228326,The Book of Life,2014-10-01,"Animation, Adventure, Comedy, Family, Fantasy",Jorge R. Gutierrez,"Diego Luna, Channing Tatum, Zoe Saldaña, Christina Applegate, Eugenio Derbez","Guillermo del Toro, Brad Booker",50000000,97437106,4.7039,7.53,2908,[]
86829,Inside Llewyn Davis,2013-10-18,"Drama, Music",Joel Coen,"Oscar Isaac, Carey Mulligan, Justin Timberlake, Ethan Phillips, Robin Bartlett","Ethan Coen, Joel Coen",11000000,32935319,2.7917,7.188,2906,[]
411088,The Invisible Guest,2017-01-06,"Drama, Mystery, Thriller",Oriol Paulo,"Mario Casas, Ana Wagener, Jose Coronado, Bárbara Lennie, Francesc Orella","Eneko Lizarraga Arratibel, Mikel Lejarza",4000000,30000000,5.9452,8.1,4926,[]
37710,The Tourist,2010-12-08,"Action, Thriller, Romance",Florian Henckel von Donnersmarck,"Johnny Depp, Angelina Jolie, Paul Bettany, Timothy Dalton, Steven Berkoff","Roger Birnbaum, Gary Barber",100000000,278731369,5.3051,6.177,5708,[]
10622,Mr. Nice Guy,1997-01-31,"Crime, Action, Comedy",Sammo Hung Kam-Bo,"Jackie Chan, Richard Norton, Miki Lee, Karen McLymont, Gabrielle Fitzpatrick",Chua Lam,12700000,18800000,4.882,6.539,736,[]
62835,Colombiana,2011-07-27,"Action, Thriller, Crime, Drama",Olivier Megaton,"Zoe Saldaña, Cliff Curtis, Callum Blue, Michael Vartan, Lennie James","Pierre-Ange Le Pogam, Gareth Upton",40000000,71508440,8.9166,6.637,2830,[]
13207,Friday the 13th,2009-02-11,"Horror, Thriller",Marcus Nispel,"Jared Padalecki, Travis Van Winkle, Danielle Panabaker, Amanda Righetti, Aaron Yoo","Sean S. Cunningham, Michael Bay",19000000,91509154,5.1807,5.774,2829,[]
9003,Hellraiser,1987-09-11,"Horror, Thriller",Clive Barker,"Andrew Robinson, Clare Higgins, Sean Chapman, Robert Hines, Ashley Laurence",Christopher Figg,1000000,14580380,3.9729,6.876,2833,[]
417384,Scary Stories to Tell in the Dark,2019-08-08,"Horror, Mystery",André Øvredal,"Zoe Colletti, Dean Norris, Michael Garza, Gabriel Rush, Gil Bellows","Jason F. Brown, Guillermo del Toro",25000000,104545505,3.0867,6.488,2829,[]
15255,Undisputed II: Last Man Standing,2006-04-11,"Action, Crime, Thriller, Drama",Isaac Florentine,"Michael Jai White, Scott Adkins, Ben Cross, Eli Danker, Mark Ivanir","Boaz Davidson, Danny Dimbort",8000000,71000000,5.0274,7.359,906,[]
339397,Café Society,2016-05-11,"Comedy, Drama, Romance",Woody Allen,"Jesse Eisenberg, Kristen Stewart, Steve Carell, Blake Lively, Parker Posey","Letty Aronson, Stephen Tenenbaum",30000000,43763247,4.3685,6.441,2804,[]
6466,Freddy vs. Jason,2003-08-15,Horror,Ronny Yu,"Jesse Hutch, Robert Englund, Ken Kirzinger, Monica Keena, Jason Ritter",Sean S. Cunningham,30000000,116643421,4.6284,6.083,2803,[]
1832,Dogma,1999-10-04,"Fantasy, Comedy, Adventure",Kevin Smith,"Ben Affleck, Matt Damon, Linda Fiorentino, Salma Hayek Pinault, Jason Lee",Scott Mosier,10000000,33535478,5.853,6.923,2801,[]
945729,A Haunting in Venice,2023-09-13,"Mystery, Thriller, Crime",Kenneth Branagh,"Kenneth Branagh, Kyle Allen, Camille Cottin, Jamie Dornan, Tina Fey","Simon Kinberg, Ridley Scott",60000000,121400000,3.9399,6.575,2785,[]
49527,Man on a Ledge,2012-01-13,"Action, Thriller, Crime",Asger Leth,"Sam Worthington, Elizabeth Banks, Jamie Bell, Anthony Mackie, Edward Burns","Mark Vahradian, Lorenzo di Bonaventura",42000000,46221189,2.2934,6.431,2780,[]
37958,Immortals,2011-11-10,"Fantasy, Action, Drama",Tarsem Singh,"Henry Cavill, Mickey Rourke, Stephen Dorff, Freida Pinto, Luke Evans","Gianni Nunnari, Mark Canton",75000000,226904017,5.124,6.042,2782,[]
9476,A Knight's Tale,2001-05-11,"Adventure, Drama, Romance, Action",Brian Helgeland,"Heath Ledger, Rufus Sewell, Shannyn Sossamon, Paul Bettany, Laura Fraser","Todd Black, Brian Helgeland",65000000,117487473,6.081,6.872,3348,[]
43947,I Spit on Your Grave,2010-06-17,"Thriller, Crime, Horror",Steven R. Monroe,"Sarah Butler, Jeff Branson, Tracey Walter, Andrew Howard, Chad Lindberg","Paul Hertzberg, Lisa M. Hansen",2000000,572809,4.7885,6.502,2523,[]
399360,Alpha,2018-08-17,"Adventure, Drama",Albert Hughes,"Kodi Smit-McPhee, Jóhannes Haukur Jóhannesson, Marcin Kowalczyk, Jens Hultén, Natassia Malthe","Andrew Rona, Albert Hughes",51000000,99630675,4.0078,6.5,2724,[]
37137,The Naked Gun 2½: The Smell of Fear,1991-06-28,"Comedy, Crime",David Zucker,"Leslie Nielsen, Priscilla Presley, George Kennedy, O. J. Simpson, Robert Goulet",Robert K. Weiss,23000000,192030411,3.7,6.805,2712,[]
985,Eraserhead,1977-09-28,"Horror, Science Fiction",David Lynch,"Jack Nance, Charlotte Stewart, Allen Joseph, Jeanne Bates, Judith Roberts",David Lynch,100000,7000000,3.6599,7.344,2712,[]
2118,L.A. Confidential,1997-09-19,"Crime, Mystery, Thriller",Curtis Hanson,"Kevin Spacey, Russell Crowe, Guy Pearce, James Cromwell, Kim Basinger","Michael G. Nathanson, Arnon Milchan",35000000,126216940,5.3771,7.8,5480,[]
614930,Teenage Mutant Ninja Turtles: Mutant Mayhem,2023-07-31,"Animation, Comedy, Action, Science Fiction",Jeff Rowe,"Micah Abbey, Shamon Brown Jr., Nicolas Cantu, Brady Noon, Ayo Edebiri","Seth Rogen, James Weaver",75000000,180513586,5.5599,7.216,1564,[]
927342,Amaran,2024-10-31,"Action, Drama, Adventure, War",Rajkumar Periasamy,"Sivakarthikeyan, Sai Pallavi, Rahul Bose, Bhuvan Arora, Lallu Prasath","Kamal Haasan, R. Mahendran",14700000,39200000,6.0088,7.4,251,[]
9461,Enter the Dragon,1973-08-17,Action,Robert Clouse,"Bruce Lee, John Saxon, Jim Kelly, Sek Kin, Ahna Capri","Paul M. Heller, Bruce Lee",850000,21531361,5.9712,7.416,2060,[]
10316,The Ides of March,2011-10-07,Drama,George Clooney,"Ryan Gosling, George Clooney, Philip Seymour Hoffman, Paul Giamatti, Evan Rachel Wood","George Clooney, Brian Oliver",12500000,76338111,3.1983,6.679,2680,[]
5825,National Lampoon's Christmas Vacation,1989-11-30,Comedy,Jeremiah S. Chechik,"Chevy Chase, Beverly D'Angelo, Juliette Lewis, Johnny Galecki, John Randolph","John Hughes, Tom Jacobson",27000000,74542088,3.3845,7.233,2675,[]
11319,The Rescuers,1977-06-22,"Fantasy, Family, Animation, Adventure",Wolfgang Reitherman,"Bob Newhart, Eva Gabor, Geraldine Page, Joe Flynn, Jeanette Nolan",Wolfgang Reitherman,7500000,169015869,3.2557,6.789,2666,[]
602223,The Forever Purge,2021-06-30,"Action, Horror, Thriller",Everardo Gout,"Ana de la Reguera, Josh Lucas, Willow Beuoy, Leven Rambin, Will Patton","James DeMonaco, Sébastien K. Lemercier",18000000,76994245,3.778,6.881,2653,[]
83899,You're Next,2013-08-22,"Horror, Thriller, Mystery",Adam Wingard,"Sharni Vinson, Nicholas Tucci, Wendy Glenn, AJ Bowen, Joe Swanberg","Jessica Wu, Keith Calder",1000000,14347000,3.971,6.606,2656,[]
10096,13 Going on 30,2004-04-13,"Comedy, Fantasy, Romance",Gary Winick,"Jennifer Garner, Mark Ruffalo, Judy Greer, Andy Serkis, Kathy Baker","Donna Roth, Gina Matthews",37000000,96458118,5.2922,6.8,5498,[]
718032,Licorice Pizza,2021-11-26,"Drama, Comedy, Romance",Paul Thomas Anderson,"Alana Haim, Cooper Hoffman, Sean Penn, Tom Waits, Bradley Cooper","Sara Murphy, Adam Somner",40000000,33276075,4.1882,6.955,2614,[]
2976,Hairspray,2007-07-19,"Comedy, Romance, Drama",Adam Shankman,"Nikki Blonsky, John Travolta, Michelle Pfeiffer, Christopher Walken, Amanda Bynes","Craig Zadan, Neil Meron",75000000,90450008,3.5616,6.7,2604,[]
55787,Water for Elephants,2011-04-15,"Drama, Romance",Francis Lawrence,"Robert Pattinson, Reese Witherspoon, Christoph Waltz, Paul Schneider, Jim Norton","Andrew R. Tennenbaum, Erwin Stoff",38000000,117094902,2.3792,6.933,2601,[]
82525,Savages,2012-07-06,"Crime, Drama, Thriller",Oliver Stone,"Taylor Kitsch, Blake Lively, Aaron Taylor-Johnson, John Travolta, Salma Hayek Pinault","Evan Bates, Moritz Borman",45000000,82966152,5.1025,6.351,2267,[]
10066,House of Wax,2005-05-05,"Horror, Thriller, Mystery",Jaume Collet-Serra,"Elisha Cuthbert, Chad Michael Murray, Brian Van Holt, Paris Hilton, Jon Abrahams","Robert Zemeckis, Susan Downey",40000000,68766121,4.71,6.0,3297,[]
10947,High School Musical,2006-01-20,"Comedy, Drama, Family, Music, Romance, TV Movie",Kenny Ortega,"Zac Efron, Vanessa Hudgens, Ashley French, Lucas Grabeel, Corbin Bleu",Don Schain,4200000,3746,4.4425,6.547,4767,[]
61012,Silent Hill: Revelation 3D,2012-10-10,"Thriller, Horror, Mystery",MJ Bassett,"Adelaide Clemens, Sean Bean, Radha Mitchell, Carrie-Anne Moss, Malcolm McDowell","Don Carmody, Samuel Hadida",20000000,55975672,5.1706,5.547,1840,[]
414,Batman Forever,1995-06-16,"Action, Crime, Fantasy",Joel Schumacher,"Val Kilmer, Tommy Lee Jones, Jim Carrey, Nicole Kidman, Chris O'Donnell","Tim Burton, Peter Macgregor-Scott",100000000,336529144,5.5782,5.453,5537,[]
8265,Welcome to the Sticks,2008-02-20,"Comedy, Drama, Romance",Dany Boon,"Kad Merad, Dany Boon, Zoé Félix, Lorenzo Ausilia-Foret, Anne Marivin","Claude Berri, Jérôme Seydoux",11000000,245144417,1.9246,6.7,2562,[]
77987,Only God Forgives,2013-05-30,"Drama, Thriller, Crime",Nicolas Winding Refn,"Ryan Gosling, Kristin Scott Thomas, Vithaya Pansringarm, Rhatha Phongam, Gordon Brown","Lene Børglum, Vincent Maraval",4800000,10300000,2.2032,5.82,2564,[]
522931,Hitman's Wife's Bodyguard,2021-06-14,"Action, Comedy, Crime, Thriller",Patrick Hughes,"Ryan Reynolds, Samuel L. Jackson, Salma Hayek Pinault, Antonio Banderas, Morgan Freeman","Yariv Lerner, Les Weldon",70000000,70060492,4.3715,6.649,2550,[]
262,The King of Comedy,1982-12-18,"Drama, Comedy",Martin Scorsese,"Robert De Niro, Jerry Lewis, Diahnne Abbott, Sandra Bernhard, Shelley Hack",Arnon Milchan,19000000,2536000,3.3597,7.8,2554,[]
412656,Chaos Walking,2021-02-24,"Fantasy, Science Fiction, Adventure",Doug Liman,"Tom Holland, Daisy Ridley, Mads Mikkelsen, Demián Bichir, David Oyelowo","Alison Winter, Doug Davison",125000000,26508132,2.9168,6.551,2537,[]
172385,Rio 2,2014-03-19,"Animation, Adventure, Comedy, Family",Carlos Saldanha,"Jesse Eisenberg, Anne Hathaway, will.i.am, Jamie Foxx, Leslie Mann","John C. Donkin, Bruce Anderson",103000000,498781117,5.7557,6.521,3725,[]
1026436,Miller's Girl,2024-01-18,"Thriller, Drama, Romance",Jade Halley Bartlett,"Jenna Ortega, Martin Freeman, Bashir Salahuddin, Gideon Adlon, Dagmara Dominczyk","Mary-Margaret Kunze, Seth Rogen",4000000,1430985,4.8342,6.334,927,[]
11976,Legend,1985-08-28,"Adventure, Fantasy",Ridley Scott,"Tom Cruise, Mia Sara, Tim Curry, David Bennent, Alice Playten",Arnon Milchan,24500000,15502112,10.1469,6.24,1362,[]
11460,Red Eye,2005-08-10,"Thriller, Mystery",Wes Craven,"Rachel McAdams, Cillian Murphy, Brian Cox, Jayma Mays, Jack Scalia","Chris Bender, Marianne Maddalena",26000000,57891803,3.1865,6.4,2494,[]
9384,Starsky & Hutch,2004-03-05,"Comedy, Crime",Todd Phillips,"Ben Stiller, Owen Wilson, Snoop Dogg, Vince Vaughn, Fred Williamson","Tony Ludwig, Alan Riche",60000000,170300000,3.0049,5.824,2494,[]
8536,Superman II,1980-12-12,"Science Fiction, Action, Adventure",Richard Lester,"Christopher Reeve, Margot Kidder, Terence Stamp, Sarah Douglas, Jack O'Halloran",Pierre Spengler,54000000,216385706,3.785,6.754,2493,[]
2022,Mr. Deeds,2002-06-28,"Comedy, Romance",Steven Brill,"Adam Sandler, Winona Ryder, John Turturro, Allen Covert, Peter Gallagher","Jack Giarraputo, Sidney Ganis",50000000,171269565,4.1192,5.9,2493,[]
783,Gandhi,1982-12-01,"Drama, History",Richard Attenborough,"Ben Kingsley, Candice Bergen, Edward Fox, John Gielgud, Trevor Howard","Richard Attenborough, Terence A. Clegg",22000000,77737889,4.6875,7.563,2488,[]
38321,Priest,2011-05-05,"Action, Fantasy, Horror",Scott Stewart,"Paul Bettany, Karl Urban, Lily Collins, Maggie Q, Stephen Moyer","Michael De Luca, Joshua Donen",60000000,84154026,5.8116,5.854,2486,[]
387,Das Boot,1981-09-17,"Drama, History, War",Wolfgang Petersen,"Jürgen Prochnow, Herbert Grönemeyer, Klaus Wennemann, Hubertus Bengsch, Martin Semmelrogge","Günter Rohrbach, Michael Bittins",14000000,85000000,6.0066,8.086,2479,[]
867,Sliver,1993-05-21,"Drama, Thriller",Phillip Noyce,"Sharon Stone, William Baldwin, Tom Berenger, Polly Walker, Colleen Camp",Robert Evans,40000000,116300000,4.771,5.556,792,[]
513434,One Cut of the Dead,2017-11-04,"Comedy, Horror, Drama",Shinichiro Ueda,"Takayuki Hamatsu, Yuzuki Akiyama, Kazuaki Nagaya, Harumi Shuhama, Mao",Koji Ichihashi,52406,27590180,4.936,7.628,964,[]
98567,Chinese Zodiac,2012-12-20,"Action, Adventure",Jackie Chan,"Jackie Chan, Yao Xingtong, Kwon Sang-woo, Zhang Lanxin, Liao Fan","Stanley Tong Gwai-Lai, Barbie Tung Wan-Si",26000000,171339013,5.1742,6.2,878,[]
668,On Her Majesty's Secret Service,1969-12-18,"Adventure, Action, Thriller",Peter R. Hunt,"George Lazenby, Diana Rigg, Telly Savalas, Gabriele Ferzetti, Ilse Steppat","Albert R. Broccoli, Harry Saltzman",7000000,82000000,4.9278,6.6,2117,[]
10431,War,2007-08-24,"Action, Crime, Thriller",Philip G. Atwell,"Jet Li, Jason Statham, John Lone, Ryo Ishibashi, Devon Aoki","Steven Chasman, Jim Thompson",25000000,40452643,5.9344,6.388,2017,[]
282984,Irrational Man,2015-07-17,"Drama, Comedy",Woody Allen,"Joaquin Phoenix, Emma Stone, Jamie Blackley, Parker Posey, Joe Stapleton","Letty Aronson, Stephen Tenenbaum",11000000,27391084,1.7196,6.524,2462,[]
8872,Wayne's World,1992-02-14,"Comedy, Music",Penelope Spheeris,"Mike Myers, Dana Carvey, Rob Lowe, Tia Carrere, Lara Flynn Boyle",Lorne Michaels,20000000,183097323,4.2604,6.684,2450,[]
80035,The Watch,2012-07-26,"Comedy, Action, Science Fiction",Akiva Schaffer,"Ben Stiller, Vince Vaughn, Jonah Hill, Richard Ayoade, Rosemarie DeWitt",Shawn Levy,68000000,68267862,3.814,5.59,2451,[]
8856,The Karate Kid Part II,1986-06-18,"Adventure, Drama, Action, Romance, Family",John G. Avildsen,"Ralph Macchio, Pat Morita, Danny Kamekona, Nobu McCarthy, Yuji Okumoto",Jerry Weintraub,13000000,115103979,7.5715,6.332,2445,[]
719221,Tarot,2024-05-01,Horror,Spenser Cohen,"Harriet Slater, Wolfgang Novogratz, Adain Bradley, Avantika, Jacob Batalon","Scott Glassgold, Leslie Morgenstein",8000000,49256239,4.7166,6.365,1371,[]
763285,Ambulance,2022-03-16,"Thriller, Action, Crime, Drama",Michael Bay,"Jake Gyllenhaal, Yahya Abdul-Mateen II, Eiza González, Garret Dillahunt, Keir O'Donnell","James Vanderbilt, Bradley J. Fischer",40000000,52303589,4.0652,6.616,2407,[]
11451,Herbie Fully Loaded,2005-06-19,"Comedy, Family, Adventure, Fantasy, Romance",Angela Robinson,"Lindsay Lohan, Michael Keaton, Matt Dillon, Breckin Meyer, Justin Long",Robert Simonds,50000000,144100000,3.4665,5.822,2402,[]
581387,Ashfall,2019-12-19,"Action, Adventure, Thriller",Kim Byung-seo,"Lee Byung-hun, Ha Jung-woo, Don Lee, Jeon Hye-jin, Suzy","Choi Jee-sun, Choi Won-ki",17700000,61321941,5.5151,6.835,620,[]
8982,The Protector,2005-08-11,"Action, Crime, Drama, Thriller",Prachya Pinkaew,"Tony Jaa, Petchtai Wongkamlao, Bongkoj Khongmalai, Jin Xing, Nathan Jones","Prachya Pinkaew, Sukanya Vongsthapat",6000000,27165581,4.6647,7.115,917,[]
16664,All About Lily Chou-Chou,2001-10-06,"Drama, Crime",Shunji Iwai,"Hayato Ichihara, Shugo Oshinari, Yu Aoi, Ayumi Ito, Issey Takahashi",Naoki Hashimoto,1250000,6776921,4.7878,7.4,282,[]
152603,Only Lovers Left Alive,2013-12-12,"Drama, Romance, Fantasy",Jim Jarmusch,"Tilda Swinton, Tom Hiddleston, Anton Yelchin, Mia Wasikowska, Jeffrey Wright","Jeremy Thomas, Reinhard Brundig",7000000,8213623,2.0512,7.201,2376,[]
43593,Piranha 3D,2010-08-20,"Comedy, Horror",Alexandre Aja,"Elisabeth Shue, Jerry O'Connell, Steven R. McQueen, Jessica Szohr, Kelly Brook","Alexandre Aja, Mark Canton",24000000,83188165,5.0256,5.42,2373,[]
400710,Flatliners,2017-09-28,"Drama, Horror, Thriller",Niels Arden Oplev,"Elliot Page, Diego Luna, Nina Dobrev, James Norton, Kiersey Clemons","Laurence Mark, Peter Safran",19000000,45158254,2.5678,5.643,2373,[]
287903,Krampus,2015-11-26,"Horror, Comedy, Fantasy",Michael Dougherty,"Adam Scott, Toni Collette, David Koechner, Allison Tolman, Conchata Ferrell","Jon Jashni, Alex Garcia",15000000,61800000,2.7912,6.2,2368,[]
409,The English Patient,1996-11-14,"Drama, Romance, War",Anthony Minghella,"Ralph Fiennes, Juliette Binoche, Willem Dafoe, Kristin Scott Thomas, Naveen Andrews",Saul Zaentz,27000000,231976425,3.9107,7.148,2366,[]
794,The Omen,1976-06-25,"Horror, Thriller",Richard Donner,"Gregory Peck, Lee Remick, David Warner, Billie Whitelaw, Harvey Stephens","Harvey Bernhard, Charles Orme",2800000,60922980,5.2011,7.41,2366,[]
446354,The Post,2017-12-22,"Drama, History",Steven Spielberg,"Meryl Streep, Tom Hanks, Sarah Paulson, Bob Odenkirk, Tracy Letts","Amy Pascal, Kristie Macosko Krieger",50000000,179769467,4.4003,7.002,4874,[]
9342,The Mask of Zorro,1998-07-16,"Action, Adventure",Martin Campbell,"Antonio Banderas, Anthony Hopkins, Catherine Zeta-Jones, Stuart Wilson, Matt Letscher","Doug Claybourne, David Foster",95000000,250288523,4.9286,6.581,4300,[]
216282,Into the Storm,2014-08-06,"Action, Thriller",Steven Quale,"Richard Armitage, Sarah Wayne Callies, Matt Walsh, Max Deacon, Alycia Debnam-Carey",Todd Garner,50000000,160600000,5.118,6.055,2145,[]
544,There's Something About Mary,1998-07-15,"Romance, Comedy",Peter Farrelly,"Cameron Diaz, Matt Dillon, Ben Stiller, Lee Evans, Chris Elliott","Frank Beddor, Bradley Thomas",23000000,369900000,4.9735,6.626,5286,[]
1523,The Last King of Scotland,2006-09-27,Drama,Kevin Macdonald,"Forest Whitaker, James McAvoy, Simon McBurney, Gillian Anderson, Kerry Washington","Christine Ruppert, Andrea Calderwood",6000000,48600000,2.5986,7.414,2339,[]
12573,A Serious Man,2009-10-02,"Comedy, Drama",Ethan Coen,"Michael Stuhlbarg, Richard Kind, Fred Melamed, Sari Lennick, Aaron Wolff","Ethan Coen, Joel Coen",7000000,31400000,2.9146,6.705,2332,[]
724495,The Woman King,2022-09-16,"Action, Drama, History, War",Gina Prince-Bythewood,"Viola Davis, Thuso Mbedu, Lashana Lynch, Sheila Atim, John Boyega","Cathy Schulman, Viola Davis",50000000,97562514,6.1662,7.614,2337,[]
16614,Adventureland,2009-04-03,"Comedy, Drama, Romance",Greg Mottola,"Jesse Eisenberg, Kristen Stewart, Martin Starr, Kristen Wiig, Bill Hader","Sidney Kimmel, Ted Hope",9800000,17200000,2.088,6.401,2333,[]
338967,Zombieland: Double Tap,2019-10-09,"Horror, Comedy",Ruben Fleischer,"Woody Harrelson, Jesse Eisenberg, Emma Stone, Abigail Breslin, Zoey Deutch",Gavin Polone,42000000,122810399,4.86,6.899,6204,[]
8055,The Reader,2008-12-10,"Drama, Romance",Stephen Daldry,"Ralph Fiennes, Kate Winslet, David Kross, Lena Olin, Bruno Ganz","Donna Gigliotti, Anthony Minghella",32000000,108902486,5.2849,7.462,3356,[]
710295,Wolf Man,2025-01-15,"Horror, Thriller",Leigh Whannell,"Christopher Abbott, Julia Garner, Matilda Firth, Sam Jaeger, Ben Prendergast",Jason Blum,25000000,35153314,5.3722,6.189,946,[]
283445,Sinister 2,2015-08-19,Horror,Ciarán Foy,"James Ransone, Shannyn Sossamon, Robert Daniel Sloan, Dartanian Sloan, Tate Ellington","Jason Blum, Scott Derrickson",10000000,53329150,2.8879,5.9,2278,[]
1064486,Memoir of a Snail,2024-10-17,"Animation, Drama, Comedy",Adam Elliot,"Sarah Snook, Kodi Smit-McPhee, Jacki Weaver, Magda Szubanski, Dominique Pinon","Adam Elliot, Liz Kearney",4350000,7,4.6509,8.045,751,[]
18947,The Boat That Rocked,2009-04-01,"Drama, Comedy",Richard Curtis,"Tom Sturridge, Philip Seymour Hoffman, Rhys Ifans, Bill Nighy, Emma Thompson","Hilary Bevan Jones, Tim Bevan",50000000,36348784,2.2859,7.224,2272,[]
923,Dawn of the Dead,1978-09-02,"Horror, Science Fiction",George A. Romero,"David Emge, Ken Foree, Scott H. Reiniger, Gaylen Ross, David Crawford","Richard P. Rubinstein, Alfredo Cuomo",640000,55000000,2.8045,7.486,2273,[]
8346,My Big Fat Greek Wedding,2002-04-19,"Comedy, Drama, Romance",Joel Zwick,"Nia Vardalos, John Corbett, Lainie Kazan, Michael Constantine, Andrea Martin","Gary Goetzman, Tom Hanks",5000000,368744044,3.5475,6.5,2271,[]
4032,My Girl,1991-11-27,"Comedy, Drama",Howard Zieff,"Anna Chlumsky, Macaulay Culkin, Dan Aykroyd, Jamie Lee Curtis, Richard Masur",Brian Grazer,17000000,59490000,6.5917,7.411,2269,[]
49526,Premium Rush,2012-08-24,"Crime, Action, Thriller",David Koepp,"Joseph Gordon-Levitt, Michael Shannon, Dania Ramirez, Jamie Chung, Wolé Parks",Gavin Polone,35000000,31100000,1.8922,6.333,2265,[]
1547,The Lost Boys,1987-07-31,"Horror, Comedy, Thriller, Drama, Romance",Joel Schumacher,"Jason Patric, Corey Haim, Dianne Wiest, Barnard Hughes, Edward Herrmann",Harvey Bernhard,8500000,32222567,4.2081,7.091,2266,[]
29917,Exam,2009-06-19,"Thriller, Mystery",Stuart Hazeldine,"Luke Mably, Chukwudi Iwuji, Adar Beck, Jimi Mistry, Nathalie Cox",,600000,394717,2.7478,6.69,2263,[]
1127674,The Forbidden City,2025-03-08,"Action, Drama, Romance",Gabriele Mainetti,"Liu Yaxi, Enrico Borello, Marco Giallini, Sabrina Ferilli, Chunyu Shanshan","Mario Gianani, Lorenzo Gangarossa",18218260,1457292,4.8618,6.972,316,[]
800158,The Killer,2023-10-25,"Crime, Thriller",David Fincher,"Michael Fassbender, Tilda Swinton, Charles Parnell, Arliss Howard, Kerry O'Malley","Peter Mavromates, William Doyle",175000000,362113,5.7923,6.587,2763,[]
632357,The Unholy,2021-03-31,"Horror, Mystery",Evan Spiliotopoulos,"Jeffrey Dean Morgan, Cricket Brown, William Sadler, Katie Aselton, Cary Elwes","Evan Spiliotopoulos, Sam Raimi",10000000,30832137,3.464,6.555,2244,[]
13051,Max Payne,2008-10-15,"Crime, Action, Drama",John Moore,"Mark Wahlberg, Mila Kunis, Beau Bridges, Ludacris, Chris O'Donnell","Scott Faye, John Moore",35000000,85416905,3.3322,5.406,2242,[]
88005,Seeking a Friend for the End of the World,2012-06-22,"Comedy, Drama, Romance, Adventure",Lorene Scafaria,"Steve Carell, Keira Knightley, Connie Britton, Rob Corddry, Adam Brody","Mark Roybal, Joy Gorman Wettels",10000000,9636289,1.8282,6.565,2237,[]
8452,The 6th Day,2000-11-17,"Science Fiction, Action, Mystery, Drama, Thriller",Roger Spottiswoode,"Arnold Schwarzenegger, Michael Rapaport, Tony Goldwyn, Michael Rooker, Robert Duvall","Jon Davison, Mike Medavoy",82000000,96085477,3.217,5.998,2231,[]
71676,Ghost Rider: Spirit of Vengeance,2011-12-10,"Action, Fantasy, Thriller",Brian Taylor,"Nicolas Cage, Fergus Riordan, Violante Placido, Ciarán Hinds, Johnny Whitworth","Ari Arad, Steven Paul",57000000,132563930,5.0923,5.009,4026,[]
9489,You've Got Mail,1998-12-18,"Comedy, Romance",Nora Ephron,"Meg Ryan, Tom Hanks, Greg Kinnear, Parker Posey, Heather Burns","Lauren Shuler Donner, Nora Ephron",65000000,250800000,4.4812,6.701,3602,[]
691,The Spy Who Loved Me,1977-07-07,"Adventure, Action, Thriller",Lewis Gilbert,"Roger Moore, Barbara Bach, Curd Jürgens, Richard Kiel, Caroline Munro",Albert R. Broccoli,13500000,185438673,5.3616,6.822,2208,[]
48171,The Rite,2011-01-28,"Drama, Thriller, Horror",Mikael Håfström,"Anthony Hopkins, Colin O'Donoghue, Alice Braga, Rutger Hauer, Ciarán Hinds","Tripp Vinson, Beau Flynn",37000000,96047633,2.8047,6.123,2211,[]
384682,Office Christmas Party,2016-11-25,Comedy,Will Speck,"Jason Bateman, Jennifer Aniston, T.J. Miller, Kate McKinnon, Jillian Bell","Guymon Casady, Daniel Rappaport",45000000,114500000,4.6544,5.707,2201,[]
24803,Julie & Julia,2009-08-06,"Romance, Drama",Nora Ephron,"Meryl Streep, Amy Adams, Stanley Tucci, Chris Messina, Linda Emond","Nora Ephron, Laurence Mark",40000000,129500000,2.2889,6.714,2196,[]
12184,The Other Boleyn Girl,2008-02-28,"Drama, Romance, History",Justin Chadwick,"Natalie Portman, Scarlett Johansson, Eric Bana, Jim Sturgess, Mark Rylance",Alison Owen,35000000,78269970,3.603,6.695,2194,[]
431530,A Bad Moms Christmas,2017-08-04,Comedy,Scott Moore,"Mila Kunis, Kristen Bell, Kathryn Hahn, Christine Baranski, Susan Sarandon",Suzanne Todd,28000000,130560428,2.1603,6.317,2192,[]
10184,He's Just Not That Into You,2009-02-06,"Comedy, Romance, Drama",Ken Kwapis,"Ginnifer Goodwin, Justin Long, Jennifer Aniston, Ben Affleck, Jennifer Connelly",Nancy Juvonen,40000000,178866158,4.7139,6.625,4011,[]
310593,Youth,2015-05-20,"Comedy, Drama, Romance",Paolo Sorrentino,"Michael Caine, Harvey Keitel, Rachel Weisz, Paul Dano, Jane Fonda","Nicola Giuliano, Francesca Cima",13360000,2000000,3.4666,6.899,2193,[]
11329,Runaway Jury,2003-01-16,"Drama, Thriller",Gary Fleder,"John Cusack, Gene Hackman, Dustin Hoffman, Rachel Weisz, Bruce Davison","Gary Fleder, Christopher Mankiewicz",60000000,80154140,4.3785,6.934,1521,[]
184,Jackie Brown,1997-12-25,"Crime, Drama, Thriller",Quentin Tarantino,"Pam Grier, Samuel L. Jackson, Robert De Niro, Bridget Fonda, Michael Keaton",Lawrence Bender,12000000,74727492,5.2955,7.358,6885,[]
4513,30 Days of Night,2007-10-17,"Horror, Thriller",David Slade,"Josh Hartnett, Melissa George, Danny Huston, Ben Foster, Mark Boone Junior","Sam Raimi, Robert Tapert",30000000,80276156,4.8221,6.438,3022,[]
7461,Vantage Point,2008-02-01,"Drama, Action, Thriller, Crime",Pete Travis,"Dennis Quaid, Matthew Fox, Forest Whitaker, Sigourney Weaver, William Hurt","Neal H. Moritz, Mark Farrington",40000000,152039882,3.2335,6.406,2153,[]
4806,Runaway Bride,1999-07-30,"Comedy, Romance",Garry Marshall,"Julia Roberts, Richard Gere, Joan Cusack, Héctor Elizondo, Rita Wilson","Robert W. Cort, Ted Field",70000000,309500000,2.6759,6.104,2150,[]
10975,Operation Condor,1991-02-07,"Action, Adventure, Crime, Thriller",Jackie Chan,"Jackie Chan, Carol Cheng, Eva Cobo, Shôko Ikeda, Vincent Lyn","Leonard Ho, Jackie Chan",15000000,24100000,4.9473,7.338,630,[]
22843,Evangelion: 2.0 You Can (Not) Advance,2009-06-26,"Animation, Science Fiction, Action, Drama",Masayuki,"Megumi Ogata, Megumi Hayashibara, Yuko Miyamura, Maaya Sakamoto, Kotono Mitsuishi",,10000000,44339362,5.3992,7.808,988,[]
10314,She's All That,1999-01-29,"Comedy, Romance",Robert Iscove,"Freddie Prinze Jr., Rachael Leigh Cook, Paul Walker, Jodi Lyn O'Keefe, Kevin Pollak","Richard N. Gladstein, Robert L. Levy",10000000,103166989,4.0804,6.311,2226,[]
746,The Last Emperor,1987-10-04,"Drama, History",Bernardo Bertolucci,"John Lone, Joan Chen, Peter O'Toole, Ruocheng Ying, Victor Wong","John Daly, Franco Giovale",23800000,44000000,4.6981,7.587,1899,[]
860,WarGames,1983-06-03,"Thriller, Science Fiction, Drama",John Badham,"Matthew Broderick, Dabney Coleman, John Wood, Ally Sheedy, Barry Corbin","Harold Schneider, Richard Hashimoto",12000000,124600000,5.0063,7.1,2127,[]
8193,Napoleon Dynamite,2004-06-11,Comedy,Jared Hess,"Jon Heder, Efren Ramirez, Tina Majorino, Aaron Ruell, Jon Gries","Sean Covel, Jeremy Coon",400000,46118097,2.4101,6.782,2124,[]
64685,Extremely Loud & Incredibly Close,2011-12-25,Drama,Stephen Daldry,"Tom Hanks, Sandra Bullock, Thomas Horn, Viola Davis, John Goodman",Scott Rudin,40000000,55200000,2.2071,7.0,2121,[]
10756,The Haunted Mansion,2003-11-26,"Thriller, Fantasy, Comedy, Family, Mystery",Rob Minkoff,"Eddie Murphy, Marsha Thomason, Terence Stamp, Nathaniel Parker, Jennifer Tilly","Andrew Gunn, Don Hahn",90000000,182290266,2.9024,5.685,2117,[]
9778,Serendipity,2001-10-05,"Comedy, Romance",Peter Chelsom,"John Cusack, Kate Beckinsale, Jeremy Piven, Bridget Moynahan, John Corbett","Peter Abrams, Simon Fields",28000000,77516304,4.0854,6.956,2117,[]
1992,Planet Terror,2007-04-06,"Horror, Action, Thriller",Robert Rodriguez,"Rose McGowan, Freddy Rodríguez, Marley Shelton, Josh Brolin, Jeff Fahey","Elizabeth Avellan, Quentin Tarantino",23000000,11446172,4.5241,6.688,3791,[]
517093,Balkan Line,2019-03-21,"Drama, Action, War",Andrey Volgin,"Anton Pampushnyy, Gosha Kutsenko, Miloš Biković, Milena Radulović, Gojko Mitić","Gosha Kutsenko, Vasil Shevts",3500000,4944386,4.4474,7.44,571,[]
11932,Bride of Chucky,1998-10-15,"Horror, Comedy",Ronny Yu,"Brad Dourif, Jennifer Tilly, Katherine Heigl, Nick Stabile, Alexis Arquette","David Kirschner, Grace Gilroy",25000000,50688658,4.3043,6.133,2089,[]
1636,Bedazzled,2000-10-19,"Fantasy, Comedy, Romance",Harold Ramis,"Brendan Fraser, Elizabeth Hurley, Frances O'Connor, Miriam Shor, Orlando Jones","Trevor Albert, Harold Ramis",48000000,90383208,4.2498,6.092,2081,[]
109451,Cloudy with a Chance of Meatballs 2,2013-09-26,"Animation, Family, Comedy",Kris Pearn,"Bill Hader, Anna Faris, James Caan, Will Forte, Andy Samberg","Kirk Bodyfelt, Pam Marsden",78000000,248384621,4.1974,6.455,3453,[]
11072,Blazing Saddles,1974-02-07,"Western, Comedy",Mel Brooks,"Cleavon Little, Gene Wilder, Slim Pickens, Harvey Korman, Madeline Kahn",Michael Hertzberg,2600000,119500000,4.3899,7.242,2052,[]
699,For Your Eyes Only,1981-06-24,"Adventure, Action, Thriller",John Glen,"Roger Moore, Carole Bouquet, Chaim Topol, Julian Glover, Lynn-Holly Johnson","Albert R. Broccoli, Tom Pevsner",28000000,195300000,4.9847,6.539,2053,[]
938614,Late Night with the Devil,2024-03-19,Horror,Cameron Cairnes,"David Dastmalchian, Laura Gordon, Ian Bliss, Fayssal Bazzi, Ingrid Torelli","Steven Schneider, Mat Govoni",2000000,15469415,5.2743,7.113,2053,[]
9421,The Dinner Game,1998-04-15,Comedy,Francis Veber,"Jacques Villeret, Thierry Lhermitte, Francis Huster, Daniel Prévost, Alexandra Vandernoot",Alain Poiré,12500000,78599508,2.8358,7.762,2048,[]
11687,The Visitors,1993-01-27,"Fantasy, Comedy",Jean-Marie Poiré,"Jean Reno, Christian Clavier, Valérie Lemercier, Marie-Anne Chazel, Christian Bujeau",Alain Terzian,9500000,98800000,3.6031,7.1,2042,[]
11357,Halloween 4: The Return of Michael Myers,1988-10-21,"Horror, Thriller",Dwight H. Little,"Donald Pleasence, Ellie Cornell, Danielle Harris, George P. Wilbur, Michael Pataki",Paul Freeman,5000000,17768757,2.7211,6.176,2042,[]
100241,"I, Frankenstein",2014-01-22,"Horror, Thriller",Stuart Beattie,"Aaron Eckhart, Yvonne Strahovski, Bill Nighy, Jai Courtney, Miranda Otto","Gary Lucchesi, Tom Rosenberg",65000000,76801179,2.5573,5.376,2042,[]
9008,The Insider,1999-10-28,"Drama, Thriller",Michael Mann,"Al Pacino, Russell Crowe, Christopher Plummer, Diane Venora, Philip Baker Hall","Pieter Jan Brugge, Michael Mann",90000000,60300000,3.0282,7.5,2041,[]
516632,The Empty Man,2020-10-22,"Horror, Mystery",David Prior,"James Badge Dale, Marin Ireland, Sasha Frolova, Samantha Logan, Evan Jonigkeit","Ross Richie, Stephen Christy",16000000,4796993,4.1979,6.168,984,[]
12496,The Twilight Samurai,2002-11-02,"Drama, Romance",Yoji Yamada,"Hiroyuki Sanada, Rie Miyazawa, Nenji Kobayashi, Mitsuru Fukikoshi, Min Tanaka","Hiroshi Fukazawa, Shigehiro Nakagawa",5000000,7372769,4.5189,7.79,352,[]
928,Gremlins 2: The New Batch,1990-06-15,"Comedy, Horror, Fantasy",Joe Dante,"Zach Galligan, Phoebe Cates, John Glover, Robert Prosky, Robert Picardo",Michael Finnell,50000000,41482207,4.6644,6.523,2868,[]
381,To Catch a Thief,1955-08-03,"Mystery, Romance, Thriller",Alfred Hitchcock,"Cary Grant, Grace Kelly, Jessie Royce Landis, John Williams, Charles Vanel",Alfred Hitchcock,2500000,8750000,4.4493,7.266,1650,[]
580175,Another Round,2020-09-24,"Comedy, Drama",Thomas Vinterberg,"Mads Mikkelsen, Thomas Bo Larsen, Magnus Millang, Lars Ranthe, Maria Bonnevie","Sisse Graum Jørgensen, Kasper Dissing",5150000,21700000,4.5573,7.629,3726,[]
9946,End of Days,1999-11-24,"Action, Horror, Fantasy",Peter Hyams,"Arnold Schwarzenegger, Gabriel Byrne, Robin Tunney, Kevin Pollak, CCH Pounder","Bill Borden, Armyan Bernstein",100000000,212000000,4.0534,6.087,2019,[]
17610,Year One,2009-06-18,"Comedy, Adventure",Harold Ramis,"Jack Black, Michael Cera, Oliver Platt, David Cross, Christopher Mintz-Plasse","Judd Apatow, Clayton Townsend",60000000,62357900,3.6585,4.986,2008,[]
592,The Conversation,1974-04-12,"Crime, Drama, Mystery",Francis Ford Coppola,"Gene Hackman, John Cazale, Allen Garfield, Frederic Forrest, Cindy Williams",Francis Ford Coppola,1600000,4794457,2.8974,7.504,2005,[]
9404,Police Story 4: First Strike,1996-02-10,"Action, Adventure, Comedy, Crime, Drama, Thriller",Stanley Tong Gwai-Lai,"Jackie Chan, Jackson Liu, Annie Wu, Bill Tung Biu, Yuri Petrov","Barbie Tung Wan-Si, Leonard Ho",1500000,53168876,4.6027,6.5,527,[]
37821,Killers,2010-06-04,"Action, Comedy, Thriller, Romance",Robert Luketic,"Ashton Kutcher, Katherine Heigl, Tom Selleck, Catherine O'Hara, Katheryn Winnick","Mike Karz, Scott Aversano",75000000,98159963,4.8073,5.951,2296,[]
1598,Cape Fear,1991-11-13,"Drama, Crime, Thriller",Martin Scorsese,"Robert De Niro, Nick Nolte, Jessica Lange, Juliette Lewis, Joe Don Baker",Barbara De Fina,35000000,182300000,4.1865,7.258,3820,[]
521777,Good Boys,2019-08-14,Comedy,Gene Stupnitsky,"Jacob Tremblay, Keith L. Williams, Brady Noon, Molly Gordon, Midori Francis","James Weaver, Evan Goldberg",20000000,111037232,3.1628,6.8,1991,[]
19585,G-Force,2009-07-24,"Family, Fantasy, Action, Adventure, Comedy",Hoyt Yeatman,"Sam Rockwell, Jon Favreau, Tracy Morgan, Penélope Cruz, Nicolas Cage",Jerry Bruckheimer,150000000,292817841,3.4812,5.485,1991,[]
10634,Friday,1995-04-26,"Comedy, Drama",F. Gary Gray,"Ice Cube, Chris Tucker, Nia Long, Tommy Lister Jr., John Witherspoon",Patricia Charbonnet,3500000,28215918,5.6943,7.138,1984,[]
10559,Frequency,2000-04-28,"Science Fiction, Crime, Thriller",Gregory Hoblit,"Dennis Quaid, Jim Caviezel, Shawn Doyle, Elizabeth Mitchell, Andre Braugher","Gregory Hoblit, Toby Emmerich",31000000,68106245,6.6693,7.3,1979,[]
4176,Murder on the Orient Express,1974-11-22,"Drama, Thriller, Mystery",Sidney Lumet,"Albert Finney, Lauren Bacall, Martin Balsam, Ingrid Bergman, Sean Connery","Richard Goodwin, John Brabourne",1400000,35700000,3.9396,7.142,1562,[]
540901,Hustlers,2019-09-12,"Drama, Comedy, Crime",Lorene Scafaria,"Constance Wu, Jennifer Lopez, Julia Stiles, Keke Palmer, Lili Reinhart","Elaine Goldsmith-Thomas, Gloria Sanchez",20000000,157563598,4.1364,6.47,3074,[]
1883,Malcolm X,1992-11-18,"Drama, History",Spike Lee,"Denzel Washington, Angela Bassett, Albert Hall, Al Freeman Jr., Delroy Lindo","Spike Lee, Marvin Worth",34000000,48169908,5.1285,7.548,1874,[]
513310,Boss Level,2021-02-19,"Action, Science Fiction, Thriller",Joe Carnahan,"Frank Grillo, Mel Gibson, Naomi Watts, Will Sasso, Annabelle Wallis","Randall Emmett, Frank Grillo",45000000,2000000,4.3319,6.867,1884,[]
14442,Ella Enchanted,2004-04-09,"Family, Fantasy, Comedy",Tommy O'Haver,"Anne Hathaway, Hugh Dancy, Cary Elwes, Aidan McArdle, Joanna Lumley","Jane Startz, David Parfitt",31000000,27400000,3.905,6.477,1954,[]
7270,Matchstick Men,2003-09-12,"Comedy, Drama, Crime, Thriller",Ridley Scott,"Nicolas Cage, Sam Rockwell, Alison Lohman, Bruce Altman, Bruce McGill","Ted Griffin, Sean Bailey",62000000,65565672,1.8107,7.001,1946,[]
847,Willow,1988-05-20,"Fantasy, Adventure, Action",Ron Howard,"Warwick Davis, Val Kilmer, Joanne Whalley, Patricia Hayes, Gavan O'Herlihy","Joe Johnston, Nigel Wooll",35000000,57300000,4.5021,7.004,2134,[]
9313,The Man in the Iron Mask,1998-03-12,"Adventure, Action, Drama",Randall Wallace,"Leonardo DiCaprio, Gabriel Byrne, Jeremy Irons, John Malkovich, Gérard Depardieu","René Dupont, Paul Hitchcock",35000000,183000000,4.818,6.647,4102,[]
14869,G.I. Joe: The Rise of Cobra,2009-08-03,"Adventure, Action, Thriller, Science Fiction",Stephen Sommers,"Adewale Akinnuoye-Agbaje, Christopher Eccleston, Lee Byung-hun, Joseph Gordon-Levitt, Sienna Miller","Lorenzo di Bonaventura, Bob Ducsay",175000000,302500000,4.5268,5.784,4873,[]
38778,Dinner for Schmucks,2010-07-30,Comedy,Jay Roach,"Paul Rudd, Steve Carell, Stephanie Szostak, Jemaine Clement, Zach Galifianakis","Jay Roach, Walter F. Parkes",69000000,86387857,2.696,5.72,1921,[]
12309,Bachelor Party,1984-06-29,Comedy,Neal Israel,"Tom Hanks, Tawny Kitaen, Adrian Zmed, George Grizzard, Barbara Stuart","Raju Patel, Ron Moler",6000000,38435947,3.9533,6.292,702,[]
82505,House at the End of the Street,2012-09-21,"Horror, Thriller",Mark Tonderai,"Jennifer Lawrence, Max Thieriot, Nolan Gerard Funk, Elisabeth Shue, Gil Bellows","Peter Block, Aaron Ryder",6900000,44287131,2.0951,5.792,1888,[]
646207,The Ice Road,2021-06-24,"Action, Thriller",Jonathan Hensleigh,"Liam Neeson, Amber Midthunder, Marcus Thomas, Holt McCallany, Laurence Fishburne","Shivani Rawat, Eugene Musso",40000000,7502846,2.7335,6.761,1890,[]
568620,Snake Eyes: G.I. Joe Origins,2021-07-22,"Action, Adventure",Robert Schwentke,"Henry Golding, Andrew Koji, Haruka Abe, Úrsula Corberó, Samara Weaving","Brian Goldner, Lorenzo di Bonaventura",88000000,36964325,4.4081,6.5,1696,[]
2291,Jacob's Ladder,1990-11-02,"Drama, Mystery, Horror",Adrian Lyne,"Tim Robbins, Elizabeth Peña, Danny Aiello, Matt Craven, Pruitt Taylor Vince","Alan Marshall, Bruce Joel Rubin",25000000,26118851,3.3342,7.363,1862,[]
9437,Kiss the Girls,1997-09-29,"Thriller, Crime, Mystery, Drama",Gary Fleder,"Morgan Freeman, Ashley Judd, Cary Elwes, Alex McArthur, Tony Goldwyn","David Brown, Joe Wizan",27000000,60527873,4.6083,6.523,1859,[]
976893,Perfect Days,2023-11-10,Drama,Wim Wenders,"Koji Yakusho, Tokio Emoto, Arisa Nakano, Aoi Yamada, Yumi Aso","Takuma Takasaki, Wim Wenders",14000000,24094016,8.1777,7.789,1858,[]
77953,The Campaign,2012-08-09,Comedy,Jay Roach,"Will Ferrell, Zach Galifianakis, Jason Sudeikis, Katherine LaNasa, Dylan McDermott","Zach Galifianakis, Adam McKay",95000000,104907746,3.1339,5.836,1858,[]
302156,Criminal,2016-04-07,"Action, Crime, Science Fiction",Ariel Vromen,"Kevin Costner, Gary Oldman, Tommy Lee Jones, Gal Gadot, Alice Eve","J.C. Spink, Matthew O'Toole",31500000,14708696,3.4515,6.206,1859,[]
283587,Beasts of No Nation,2015-09-11,"Drama, War",Cary Joji Fukunaga,"Abraham Attah, Idris Elba, Emmanuel Nii Adom Quaye, Opeyemi Fagbohungbe, Emmanuel Affadzi","Daniela Taplin Lundberg, Riva Marker",6000000,9077700,2.5785,7.589,1858,[]
590,The Hours,2002-12-27,Drama,Stephen Daldry,"Julianne Moore, Nicole Kidman, Meryl Streep, Stephen Dillane, Miranda Richardson","Scott Rudin, Ian MacNeil",25000000,108846217,2.8254,7.252,1855,[]
11653,The Myth,2005-05-11,"Action, Adventure, Comedy, Drama, Fantasy",Stanley Tong Gwai-Lai,"Jackie Chan, Kim Hee-seon, Tony Leung Ka-fai, Mallika Sherawat, Sun Zhou","Willie Chan Chi-Keung, Solon So Chi-Hung",15000000,6669097,4.486,6.409,414,[]
8095,Cleopatra,1963-06-12,"Drama, History, Romance",Joseph L. Mankiewicz,"Elizabeth Taylor, Richard Burton, Rex Harrison, Pamela Brown, George Cole",Walter Wanger,44000000,57779280,4.6732,7.046,837,[]
38358,The Last Exorcism,2010-08-27,"Horror, Thriller, Mystery",Daniel Stamm,"Patrick Fabian, Ashley Bell, Iris Bahr, Louis Herthum, Caleb Landry Jones","Marc Abraham, Thomas A. Bliss",1800000,69400000,4.0168,5.694,1102,[]
146227,Getaway,2013-08-29,"Action, Crime",Courtney Solomon,"Ethan Hawke, Selena Gomez, Jon Voight, Rebecca Budig, Paul Freeman","Moshe Diamant, Christopher Milburn",18000000,10501938,3.1548,5.033,659,[]
19265,Whatever Works,2009-06-19,"Comedy, Romance",Woody Allen,"Larry David, Evan Rachel Wood, Michael McKean, Conleth Hill, Patricia Clarkson","Letty Aronson, Stephen Tenenbaum",15000000,36020534,1.5593,7.081,1833,[]
615643,Minari,2021-02-12,Drama,Lee Isaac Chung,"Steven Yeun, Han Ye-ri, Youn Yuh-jung, Will Patton, Alan Kim","Dede Gardner, Jeremy Kleiner",2000000,12900000,3.2205,7.33,1827,[]
4584,Sense and Sensibility,1995-12-13,"Drama, Romance",Ang Lee,"Emma Thompson, Kate Winslet, Alan Rickman, Hugh Grant, Gemma Jones",Lindsay Doran,16000000,134582776,6.4507,7.42,1820,[]
11660,Following,1999-04-02,"Drama, Thriller",Christopher Nolan,"Jeremy Theobald, Alex Haw, Lucy Russell, John Nolan, Dick Bradsell","Jeremy Theobald, Christopher Nolan",6000,126052,1.8128,7.126,1823,[]
379,Miller's Crossing,1990-09-21,"Drama, Thriller, Crime",Joel Coen,"Gabriel Byrne, Marcia Gay Harden, John Turturro, Jon Polito, J.E. Freeman",Ethan Coen,14000000,5080409,3.42,7.453,1824,[]
524348,The Report,2019-09-12,Drama,Scott Z. Burns,"Adam Driver, Annette Bening, Jon Hamm, Sarah Goldberg, Michael C. Hall","Danny Gabai, Steven Soderbergh",8000000,275000,2.9414,7.041,1145,[]
10495,The Karate Kid Part III,1989-06-16,"Action, Family, Drama, Adventure",John G. Avildsen,"Ralph Macchio, Pat Morita, Robyn Lively, Thomas Ian Griffith, Martin Kove",Jerry Weintraub,12500000,38956288,2.4617,5.9,1801,[]
76617,Texas Chainsaw 3D,2013-01-03,"Horror, Thriller",John Luessenhop,"Alexandra Daddario, Dan Yeager, Trey Songz, Tania Raymonde, Paul Rae",Carl Mazzocone,20000000,47340586,4.7127,5.483,1800,[]
4349,The Kingdom,2007-08-22,"Thriller, Action, Drama",Peter Berg,"Jamie Foxx, Jennifer Garner, Chris Cooper, Jason Bateman, Ali Suliman","Michael Mann, Scott Stuber",70000000,86658558,3.6303,6.7,1798,[]
395458,Suburbicon,2017-10-26,"Thriller, Crime, Drama, Mystery",George Clooney,"Matt Damon, Julianne Moore, Noah Jupe, Oscar Isaac, Landon Gordon","George Clooney, Teddy Schwarzman",25000000,12751667,3.4008,5.891,1798,[]
10753,Police Story 2,1988-08-13,"Action, Crime, Thriller",Jackie Chan,"Jackie Chan, Bill Tung Biu, Maggie Cheung, Lam Kwok-Hung, Mars",Leonard Ho,750000,11477301,4.1581,7.076,616,[]
11017,Billy Madison,1995-02-10,Comedy,Tamra Davis,"Adam Sandler, Bradley Whitford, Josh Mostel, Bridgette Wilson-Sampras, Darren McGavin",Robert Simonds,10000000,26488734,2.7992,6.2,1779,[]
9427,The Full Monty,1997-08-13,Comedy,Peter Cattaneo,"Robert Carlyle, Mark Addy, Wim Snape, Steve Huison, Tom Wilkinson",Uberto Pasolini,3500000,257850122,2.3627,6.991,1774,[]
846,The X-Files,1998-06-19,"Mystery, Science Fiction, Thriller",Rob Bowman,"David Duchovny, Gillian Anderson, Mitch Pileggi, William B. Davis, John Neville","Daniel Sackheim, Chris Carter",66000000,189198313,3.423,6.902,1774,[]
2142,Cop Land,1997-08-15,"Crime, Drama, Thriller",James Mangold,"Sylvester Stallone, Harvey Keitel, Ray Liotta, Robert De Niro, Peter Berg","Cathy Konrad, Ezra Swerdlow",15000000,63706632,3.0386,6.802,1772,[]
3035,Frankenstein,1931-11-21,"Drama, Horror, Science Fiction",James Whale,"Colin Clive, Mae Clarke, John Boles, Boris Karloff, Edward Van Sloan",Carl Laemmle Jr.,291000,12000000,3.6321,7.467,1777,[]
49517,Tinker Tailor Soldier Spy,2011-09-16,"Drama, Thriller, Mystery",Tomas Alfredson,"Gary Oldman, Colin Firth, Tom Hardy, John Hurt, Toby Jones","Robyn Slovo, Tim Bevan",30000000,81515369,4.2906,6.626,2886,[]
6312,Brotherhood of the Wolf,2001-01-31,"Adventure, Horror, Action, History",Christophe Gans,"Samuel Le Bihan, Vincent Cassel, Émilie Dequenne, Monica Bellucci, Jérémie Renier","Richard Grandpierre, Samuel Hadida",29000000,70800000,4.4731,6.723,1696,[]
162903,The Fifth Estate,2013-10-11,"Drama, Thriller",Bill Condon,"Benedict Cumberbatch, Daniel Brühl, Anthony Mackie, David Thewlis, Alicia Vikander","Steve Golin, Michael Sugar",28000000,8555008,3.608,6.012,1069,[]
398929,Alibi.com,2017-02-15,"Comedy, Family",Philippe Lacheau,"Philippe Lacheau, Élodie Fontan, Julien Arruti, Tarek Boudali, Nathalie Baye",Alexandra Fechner,7546570,29370592,1.9111,6.463,1752,[]
10679,Iron Sky,2012-04-04,"Action, Comedy, Science Fiction",Timo Vuorensola,"Julia Dietze, Christopher Kirby, Götz Otto, Udo Kier, Peta Sergeant","Samuli Torssonen, Oliver Damian",7500000,10109659,3.2203,5.75,1752,[]
10808,Dr. Dolittle 2,2001-06-22,"Comedy, Family, Romance, Fantasy",Steve Carr,"Eddie Murphy, Kristen Wilson, Kyla Pratt, Raven-Symoné, Steve Zahn","John Davis, Joseph Singer",70000000,176100000,2.3225,5.313,1750,[]
330764,The Brand New Testament,2015-09-02,"Comedy, Fantasy",Jaco Van Dormael,"Pili Groyne, Benoît Poelvoorde, Yolande Moreau, Catherine Deneuve, François Damiens","Jaco Van Dormael, Olivier Rausin",8700000,15709652,1.8686,6.6,1751,[]
55931,The Animatrix,2003-05-09,"Animation, Science Fiction",Peter Chung,"Keanu Reeves, Carrie-Anne Moss, Clayton Watson, Pamela Adlon, Melinda Clarke","Michael Arias, Spencer Lamm",5000000,68000000,3.5978,7.2,1750,[]
5528,The Chorus,2004-03-17,"Drama, Comedy, Music",Christophe Barratier,"Gérard Jugnot, François Berléand, Kad Merad, Jean-Paul Bonnaire, Marie Bunel","Nicolas Mauvernay, Arthur Cohn",5300000,83600000,4.2716,7.738,2592,[]
49009,The Way Back,2010-11-22,"Drama, Adventure, History",Peter Weir,"Ed Harris, Jim Sturgess, Saoirse Ronan, Colin Farrell, Mark Strong","Nigel Sinclair, Peter Weir",30000000,24172201,4.1414,6.997,1736,[]
2662,House of 1000 Corpses,2003-04-11,Horror,Rob Zombie,"Sid Haig, Bill Moseley, Sheri Moon Zombie, Karen Black, Erin Daniels",Andy Gould,7000000,17949758,3.6125,6.2,1736,[]
46146,Troll Hunter,2010-10-29,"Fantasy, Horror",André Øvredal,"Otto Jespersen, Glenn Erland Tosterud, Johanna Mørck, Tomas Alf Larsen, Hans Morten Hansen","John M. Jacobsen, Sveinung Golimo",3500000,4159678,2.1639,6.702,1732,[]
11081,Taking Lives,2004-03-19,Thriller,D.J. Caruso,"Angelina Jolie, Ethan Hawke, Kiefer Sutherland, Gena Rowlands, Olivier Martinez","Mark Canton, Bernie Goldmann",45000000,65470529,2.9378,6.374,1729,[]
9038,The Heartbreak Kid,2007-10-05,"Comedy, Romance",Peter Farrelly,"Ben Stiller, Malin Åkerman, Michelle Monaghan, Jerry Stiller, Rob Corddry","Ted Field, Bradley Thomas",60000000,128453183,2.8832,5.748,1733,[]
314405,Tale of Tales,2015-05-14,"Romance, Fantasy, Horror",Matteo Garrone,"Salma Hayek Pinault, Vincent Cassel, Toby Jones, Shirley Henderson, Hayley Carmichael","Matteo Garrone, Jeremy Thomas",12000000,5500277,3.0711,6.4,1728,[]
5516,The Ladykillers,2004-03-25,"Comedy, Crime, Thriller",Joel Coen,"Tom Hanks, Irma P. Hall, Marlon Wayans, J.K. Simmons, Tzi Ma","Ethan Coen, Joel Coen",35000000,76700000,2.3253,6.129,1726,[]
10428,Hackers,1995-09-14,"Action, Crime, Thriller, Drama",Iain Softley,"Jonny Lee Miller, Angelina Jolie, Matthew Lillard, Jesse Bradford, Renoly Santiago","Ralph Winter, Michael Peyser",20000000,7563728,4.2174,6.4,1452,[]
136418,Hummingbird,2013-05-07,"Action, Thriller",Steven Knight,"Jason Statham, Agata Buzek, Vicky McClure, Benedict Wong, Ger Ryan","Guy Heeley, Paul Webster",20000000,8352885,4.2161,6.174,1843,[]
9920,Ultraviolet,2006-03-03,"Science Fiction, Action, Thriller",Kurt Wimmer,"Milla Jovovich, Cameron Bright, Nick Chinlund, Sebastien Andrieu, Ida Martin","John Baldecchi, Pauline Chan",30000000,31070211,2.8011,5.22,1705,[]
462,Erin Brockovich,2000-03-17,Drama,Steven Soderbergh,"Julia Roberts, Albert Finney, Aaron Eckhart, Marg Helgenberger, Cherry Jones","Danny DeVito, Stacey Sher",52000000,256271286,4.3229,7.434,3607,[]
6964,Something's Gotta Give,2003-12-12,"Drama, Comedy, Romance",Nancy Meyers,"Jack Nicholson, Diane Keaton, Keanu Reeves, Frances McDormand, Amanda Peet","Nancy Meyers, Bruce A. Block",80000000,270000000,3.6147,6.637,1739,[]
150,48 Hrs.,1982-12-07,"Crime, Action, Comedy",Walter Hill,"Nick Nolte, Eddie Murphy, Annette O'Toole, Frank McRae, James Remar","Lawrence Gordon, Joel Silver",12000000,78868508,3.7657,6.674,1685,[]
452557,Wolf Warrior 2,2017-07-27,"War, Action",Wu Jing,"Wu Jing, Frank Grillo, Celina Jade, Hans Zhang, Wu Gang","Lv Jianmin, Guan Hailong",30100000,870325439,4.3786,6.508,327,[]
522924,The Art of Racing in the Rain,2019-08-08,"Drama, Romance",Simon Curtis,"Kevin Costner, Milo Ventimiglia, Amanda Seyfried, Ryan Kiera Armstrong, Lily Dodsworth-Evans","Neal H. Moritz, Patrick Dempsey",18000000,33800000,2.9426,8.17,1659,[]
208134,Jackass Presents: Bad Grandpa,2013-10-22,Comedy,Jeff Tremaine,"Johnny Knoxville, Jackson Nicoll, Georgina Cates, Catherine Keener, Spike Jonze","Johnny Knoxville, Jeff Tremaine",15000000,151831537,1.7791,6.139,1661,[]
777270,Belfast,2021-11-12,"Drama, History",Kenneth Branagh,"Jude Hill, Jamie Dornan, Caitríona Balfe, Lewis McAskie, Judi Dench","Tamar Thomas, Becca Kovacik",11000000,49158343,2.2072,7.041,1654,[]
572164,EXIT,2019-07-31,"Action, Comedy",Lee Sang-geun,"Cho Jung-seok, Yoona, Goh Doo-shim, Park In-hwan, Kim Ji-young",Baek Hyun-ik,10892000,69501772,4.1527,7.606,292,[]
630240,Titane,2021-07-14,"Drama, Thriller, Horror",Julia Ducournau,"Vincent Lindon, Agathe Rousselle, Garance Marillier, Laïs Salameh, Mara Cissé","Amaury Ovise, Jean-Christophe Reymond",6600000,4982335,3.1349,6.334,1650,[]
626872,Emergency Declaration,2022-08-03,"Action, Drama, Thriller",Han Jae-rim,"Song Kang-ho, Lee Byung-hun, Jeon Do-yeon, Kim Nam-gil, Yim Si-wan","Kim Yo-hwan, Kim Dae-seung",18052672,19200000,4.6463,7.5,423,[]
271969,Ben-Hur,2016-08-17,"Action, History, Adventure, Drama",Timur Bekmambetov,"Jack Huston, Toby Kebbell, Rodrigo Santoro, Morgan Freeman, Nazanin Boniadi","Sean Daniel, Mark Burnett",100000000,94061311,3.9747,5.772,1769,[]
9314,Nineteen Eighty-Four,1984-11-09,"Drama, Science Fiction",Michael Radford,"John Hurt, Richard Burton, Suzanna Hamilton, Cyril Cusack, Gregor Fisher","Robert Devereux, Simon Perry",7430072,8430492,4.3983,6.783,1629,[]
6538,Charlie Wilson's War,2007-12-19,"Comedy, Drama, History",Mike Nichols,"Tom Hanks, Julia Roberts, Philip Seymour Hoffman, Amy Adams, Emily Blunt","Tom Hanks, Gary Goetzman",75000000,119483446,2.7877,6.538,1625,[]
16577,Astro Boy,2009-10-15,"Animation, Action, Family, Science Fiction",David Bowers,"Freddie Highmore, Kristen Bell, Nathan Lane, Eugene Levy, Matt Lucas",Maryann Garger,10000000,19551067,3.0917,6.336,1625,[]
8836,The X Files: I Want to Believe,2008-07-24,"Mystery, Science Fiction, Thriller",Chris Carter,"David Duchovny, Gillian Anderson, Amanda Peet, Billy Connolly, Xzibit","Chris Carter, Frank Spotnitz",30000000,69363381,2.409,5.858,1625,[]
11968,Into the Blue,2005-09-30,"Action, Thriller, Adventure, Crime",John Stockwell,"Paul Walker, Jessica Alba, Scott Caan, Ashley Scott, Josh Brolin",David Zelon,50000000,46117696,3.0434,5.912,1619,[]
302401,Snowden,2016-09-15,"Drama, History, Crime, Thriller",Oliver Stone,"Joseph Gordon-Levitt, Shailene Woodley, Melissa Leo, Zachary Quinto, Tom Wilkinson","Moritz Borman, Eric Kopeloff",40000000,37357216,4.0686,7.11,4616,[]
187022,A Touch of Sin,2013-10-04,"Crime, Drama",Jia Zhangke,"Jiang Wu, Wang Baoqiang, Zhao Tao, Li Meng, Zhang Jiayi",Shôzô Ichiyama,4000000,154120,4.1845,7.2,380,[]
12205,Dark Water,2002-01-19,"Horror, Mystery, Thriller",Hideo Nakata,"Hitomi Kuroki, Rio Kanno, Mirei Oguchi, Asami Mizukawa, Fumiyo Kohinata",Takashige Ichise,4000000,1686839,3.3409,6.814,698,[]
9349,Universal Soldier,1992-07-10,"Thriller, Action, Science Fiction",Roland Emmerich,"Jean-Claude Van Damme, Dolph Lundgren, Ally Walker, Ed O'Ross, Ralf Moeller","Joel B. Michaels, Craig Baumgarten",23000000,119200000,4.1426,6.329,1875,[]
353491,The Dark Tower,2017-08-03,"Fantasy, Action, Science Fiction",Nikolaj Arcel,"Idris Elba, Matthew McConaughey, Tom Taylor, Claudia Kim, Fran Kranz","Ron Howard, Akiva Goldsman",60000000,113231078,4.2897,5.79,5483,[]
381719,Peter Rabbit,2018-02-07,"Animation, Adventure, Family",Will Gluck,"James Corden, Rose Byrne, Domhnall Gleeson, Margot Robbie, Elizabeth Debicki","Zareh Nalbandian, Will Gluck",50000000,351266433,3.6328,6.691,1898,[]
80280,[REC]³ Genesis,2012-03-30,Horror,Paco Plaza,"Leticia Dolera, Diego Martín, Ismael Martínez, Àlex Monner, Borja González Santaolalla",Julio Fernández,6400000,11019975,2.29,5.325,1604,[]
254473,Brick Mansions,2014-04-22,"Action, Crime, Drama",Camille Delamarre,"Paul Walker, David Belle, RZA, Robert Maillet, Carlo Rota","Luc Besson, Jonathan Vanger",28000000,71416730,2.9269,5.9,1596,[]
8953,Steamboy,2004-07-17,"Animation, Fantasy, Science Fiction",Katsuhiro Otomo,"Keiko Aizawa, Aiko Hibi, Manami Konishi, Anne Suzuki, Sanae Kobayashi","Shinji Komori, Hideyuki Tomioka",26000000,18900000,3.9487,6.896,482,[]
109424,Captain Phillips,2013-10-10,"Action, Drama, Thriller",Paul Greengrass,"Tom Hanks, Barkhad Abdi, Barkhad Abdirahman, Faysal  Ahmed, Mahat M. Ali","Michael De Luca, Dana Brunetti",55000000,218791811,4.1226,7.539,7420,[]
592831,Megalopolis,2024-09-25,"Science Fiction, Drama, Fantasy",Francis Ford Coppola,"Adam Driver, Giancarlo Esposito, Nathalie Emmanuel, Aubrey Plaza, Shia LaBeouf","Fred Roos, Michael Bederman",120000000,14387154,4.1125,5.196,976,[]
9767,The Break-Up,2006-06-01,"Romance, Comedy",Peyton Reed,"Jennifer Aniston, Vince Vaughn, Joey Lauren Adams, Ann-Margret, Jason Bateman","Vince Vaughn, Scott Stuber",52000000,205700000,4.0622,5.896,2809,[]
254904,The November Man,2014-08-27,"Crime, Action, Thriller",Roger Donaldson,"Pierce Brosnan, Luke Bracey, Olga Kurylenko, Bill Smitrovich, Amila Terzimehić","Sriram Das, Beau St. Clair",15000000,32600000,7.1333,6.103,1584,[]
10537,The Doors,1991-03-01,"Music, Drama, History",Oliver Stone,"Val Kilmer, Meg Ryan, Kyle MacLachlan, Frank Whaley, Kevin Dillon","Sasha Harari, A. Kitman Ho",38000000,34416893,3.7529,7.109,1582,[]
377264,Morgan,2016-09-01,"Horror, Science Fiction, Thriller",Luke Scott,"Kate Mara, Anya Taylor-Joy, Toby Jones, Rose Leslie, Boyd Holbrook","Michael Schaefer, Ridley Scott",8000000,8810591,2.392,5.8,1582,[]
10061,Escape from L.A.,1996-08-09,"Action, Thriller, Science Fiction",John Carpenter,"Kurt Russell, Stacy Keach, Steve Buscemi, A. J. Langer, Bruce Campbell","Debra Hill, Kurt Russell",50000000,42277365,2.9178,5.877,1581,[]
487297,What Men Want,2019-02-08,"Comedy, Romance",Adam Shankman,"Taraji P. Henson, Aldis Hodge, Josh Brener, Tracy Morgan, Shane Paul McGhie","James Lopez, Will Packer",20000000,69766483,2.466,6.216,1576,[]
1965,A Perfect Murder,1998-06-05,"Crime, Thriller, Drama",Andrew Davis,"Michael Douglas, Gwyneth Paltrow, Viggo Mortensen, David Suchet, Sarita Choudhury","Anne Kopelson, Peter Macgregor-Scott",60000000,128038368,3.7556,6.55,1537,[]
49020,Submarine,2011-03-18,"Drama, Comedy, Romance",Richard Ayoade,"Noah Taylor, Paddy Considine, Craig Roberts, Yasmin Paige, Sally Hawkins","Mary Burke, Mark Herbert",1500000,864659,1.9357,7.361,1576,[]
72331,Abraham Lincoln: Vampire Hunter,2012-06-20,"Action, Fantasy, Horror",Timur Bekmambetov,"Benjamin Walker, Dominic Cooper, Anthony Mackie, Mary Elizabeth Winstead, Rufus Sewell","Tim Burton, Jim Lemley",69000000,116500000,3.9315,5.766,3527,[]
1151031,Bring Her Back,2025-05-28,Horror,Michael Philippou,"Billy Barratt, Sally Hawkins, Mischa Heywood, Jonah Wren Phillips, Stephen Phillips","Samantha Jennings, Kristina Ceyton",15000000,39410222,8.7581,7.339,1567,[]
395993,Stronger,2017-09-22,Drama,David Gordon Green,"Jake Gyllenhaal, Tatiana Maslany, Miranda Richardson, Richard Lane Jr., Nate Richman","Jake Gyllenhaal, Michel Litvak",30000000,8484418,2.408,6.971,1566,[]
201,Star Trek: Nemesis,2002-12-13,"Science Fiction, Action, Adventure, Thriller",Stuart Baird,"Patrick Stewart, Jonathan Frakes, Brent Spiner, LeVar Burton, Michael Dorn","Peter Lauritson, Rick Berman",60000000,67336470,2.6604,6.299,1564,[]
11001,Blue Streak,1999-09-17,"Action, Comedy, Crime",Les Mayfield,"Martin Lawrence, Luke Wilson, Dave Chappelle, Peter Greene, Nicole Ari Parker","Toby Jaffe, Neal H. Moritz",65000000,117758500,3.7358,6.507,1611,[]
974453,Absolution,2024-10-31,"Action, Crime, Thriller, Mystery",Hans Petter Moland,"Liam Neeson, Ron Perlman, Yolonda Ross, Frankie Shaw, Daniel Diemer","Michael Besman, Roger Birnbaum",30000000,3854594,3.3003,5.897,511,[]
267860,London Has Fallen,2016-03-02,"Action, Thriller",Babak Najafi,"Gerard Butler, Aaron Eckhart, Angela Bassett, Morgan Freeman, Melissa Leo","Mark Gill, Les Weldon",60000000,205754447,4.636,6.219,5066,[]
23759,Centurion,2010-02-15,"Adventure, Action, Drama",Neil Marshall,"Michael Fassbender, Olga Kurylenko, David Morrissey, Liam Cunningham, Dominic West","Ivana MacKinnon, Christian Colson",12000000,6890432,3.8549,6.236,1547,[]
2924,Backdraft,1991-05-24,"Drama, Thriller, Action, Crime",Ron Howard,"Kurt Russell, William Baldwin, Robert De Niro, Donald Sutherland, Jennifer Jason Leigh","Richard Barton Lewis, Pen Densham",75000000,152368585,3.7389,6.7,1544,[]
404378,A Street Cat Named Bob,2016-11-04,"Family, Drama",Roger Spottiswoode,"Luke Treadaway, Ruta Gedmintas, Joanne Froggatt, Anthony Stewart Head, Caroline Goodall",Adam Rolston,8000000,17900000,1.9837,7.888,1542,[]
11576,"It's a Mad, Mad, Mad, Mad World",1963-11-07,"Action, Adventure, Comedy, Crime",Stanley Kramer,"Spencer Tracy, Milton Berle, Sid Caesar, Buddy Hackett, Ethel Merman",Stanley Kramer,9400000,60000000,3.7002,6.973,678,[]
372343,The Snowman,2017-08-24,"Crime, Thriller, Mystery, Horror",Tomas Alfredson,"Michael Fassbender, Rebecca Ferguson, Charlotte Gainsbourg, Jonas Karlsson, Michael Yates","Robyn Slovo, Eric Fellner",35000000,43203413,3.9978,5.222,2358,[]
119892,The Monkey King,2014-01-09,"Action, Adventure, Family, Fantasy",Cheang Pou-Soi,"Donnie Yen, Aaron Kwok, Joe Chen, Chow Yun-Fat, Peter Ho",Kiefer Liu,82000000,182206924,3.7835,5.635,233,[]
535,Flashdance,1983-04-14,"Drama, Romance",Adrian Lyne,"Jennifer Beals, Michael Nouri, Sunny Johnson, Kyle T. Heffner, Cynthia Rhodes","Don Simpson, Jerry Bruckheimer",7000000,201521203,3.9172,6.5,1589,[]
24150,Halloween II,2009-08-28,Horror,Rob Zombie,"Scout Taylor-Compton, Malcolm McDowell, Tyler Mane, Sheri Moon Zombie, Brad Dourif","Rob Zombie, Andy Gould",10000000,39421467,2.5351,5.326,1525,[]
468224,Tolkien,2019-05-03,"War, Drama, Romance",Dome Karukoski,"Nicholas Hoult, Lily Collins, Colm Meaney, Derek Jacobi, Harry Gilby","Peter Chernin, Jenno Topping",20000000,8654322,3.4177,6.917,1524,[]
2255,Chasing Amy,1997-04-04,"Comedy, Drama, Romance",Kevin Smith,"Ben Affleck, Joey Lauren Adams, Jason Lee, King Mustafa Obafemi, Jason Mewes",Scott Mosier,250000,12021272,2.1777,6.76,1523,[]
760161,Orphan: First Kill,2022-07-27,"Horror, Thriller",William Brent Bell,"Isabelle Fuhrman, Matthew Finlan, Julia Stiles, Rossif Sutherland, Hiro Kanagawa","James Tomlinson, Ethan Erwin",10000000,9572765,3.3075,6.601,2283,[]
18415,Gummo,1997-10-17,"Drama, Comedy",Harmony Korine,"Jacob Reynolds, Jacob Sewell, Nick Sutton, Chloë Sevigny, Darby Dougherty",Cary Woods,1300000,116799,2.6246,6.6,698,[]
10771,The Tuxedo,2002-09-27,"Thriller, Action, Comedy, Science Fiction",Kevin Donovan,"Jackie Chan, Jennifer Love Hewitt, Jason Isaacs, Debi Mazar, Ritchie Coster","John H. Williams, Adam Schroeder",60000000,104400000,4.7149,5.739,2139,[]
8202,Æon Flux,2005-11-30,"Science Fiction, Action, Thriller",Karyn Kusama,"Charlize Theron, Marton Csokas, Jonny Lee Miller, Sophie Okonedo, Frances McDormand","Martha Griffin, Gary Lucchesi",62000000,53321673,3.884,5.6,2428,[]
10529,Outlander,2008-04-24,"Science Fiction, Action",Howard McCain,"Jim Caviezel, Sophia Myles, Jack Huston, Ron Perlman, John Hurt","John Schimmel, Christopher Roberts",50000000,7033683,3.7105,6.449,1389,[]
22897,It's Complicated,2009-12-23,"Comedy, Romance",Nancy Meyers,"Meryl Streep, Alec Baldwin, Steve Martin, John Krasinski, Caitlin FitzGerald","Nancy Meyers, Scott Rudin",85000000,219103655,2.7119,6.502,1501,[]
817758,TÁR,2022-10-07,"Music, Drama",Todd Field,"Cate Blanchett, Nina Hoss, Noémie Merlant, Sophie Kauer, Julian Glover","Scott Lambert, Alexandra Milchan",35000000,29048571,3.2293,7.102,1499,[]
9556,Darkman,1990-08-24,"Action, Science Fiction, Thriller",Sam Raimi,"Liam Neeson, Frances McDormand, Colin Friels, Larry Drake, Nelson Mashita",Robert Tapert,14000000,48878502,2.6909,6.436,1501,[]
263109,Shaun the Sheep Movie,2015-02-05,"Family, Animation, Comedy, Adventure",Mark Burton,"Justin Fletcher, John Sparkes, Omid Djalili, Rich Webber, Kate Harbour","Paul Kewley, Julie Lockhart",25000000,106209378,3.2507,7.0,1501,[]
338964,Bad Santa 2,2016-11-23,"Comedy, Crime, Mystery",Mark Waters,"Billy Bob Thornton, Kathy Bates, Tony Cox, Christina Hendricks, Brett Kelly","Andrew Gunn, Geyer Kosinski",26000000,24100000,4.0849,5.419,866,[]
5725,Supervixens,1975-04-02,Comedy,Russ Meyer,"Shari Eubank, Charles Pitts, Charles Napier, Uschi Digard, Christy Hartburg",Russ Meyer,100000,17000000,4.1235,5.6,160,[]
10054,Spy Kids,2001-03-18,"Family, Action, Comedy, Adventure, Science Fiction",Robert Rodriguez,"Alexa PenaVega, Daryl Sabara, Antonio Banderas, Carla Gugino, Alan Cumming","Robert Rodriguez, Elizabeth Avellan",35000000,147934180,4.0073,5.817,3681,[]
10607,Don't Be a Menace to South Central While Drinking Your Juice in the Hood,1996-01-12,"Comedy, Crime",Paris Barclay,"Shawn Wayans, Marlon Wayans, Tracey Cherelle Jones, Chris Spencer, Vivica A. Fox","Eric L. Gold, Keenen Ivory Wayans",3800000,20949601,6.4113,7.025,1479,[]
9298,Ali G Indahouse,2002-03-21,Comedy,Mark Mylod,"Sacha Baron Cohen, Michael Gambon, Charles Dance, Kellie Bright, Martin Freeman","Tim Bevan, Eric Fellner",7000000,23280529,2.5159,6.051,1476,[]
434555,The Possession of Hannah Grace,2018-11-29,"Horror, Drama",Diederik Van Rooijen,"Shay Mitchell, Kirby Johnson, Grey Damon, Stana Katic, Louis Herthum","Todd Garner, Sean Robins",9500000,43000000,4.367,5.631,1472,[]
365177,Borderlands,2024-08-07,"Action, Science Fiction, Comedy",Eli Roth,"Cate Blanchett, Kevin Hart, Edgar Ramírez, Jamie Lee Curtis, Ariana Greenblatt","Avi Arad, Ari Arad",115000000,33017367,6.6771,5.602,1460,[]
266294,Sisters,2015-12-18,Comedy,Jason Moore,"Amy Poehler, Tina Fey, Maya Rudolph, Dianne Wiest, John Leguizamo","John S. Lyons, Tina Fey",30000000,105000000,3.2163,6.0,1454,[]
2619,Splash,1984-03-09,"Comedy, Romance, Fantasy",Ron Howard,"Tom Hanks, Daryl Hannah, Eugene Levy, John Candy, Dody Goodman",Brian Grazer,8000000,69800000,4.0662,6.255,1468,[]
167073,Brooklyn,2015-10-20,"Romance, Drama, History",John Crowley,"Saoirse Ronan, Domhnall Gleeson, Emory Cohen, Jim Broadbent, Julie Walters","Amanda Posey, Finola Dwyer",11000000,62076141,3.8832,7.304,3239,[]
11212,Baby's Day Out,1994-07-01,"Comedy, Adventure, Family, Crime",Patrick Read Johnson,"Joe Mantegna, Lara Flynn Boyle, Joe Pantoliano, Brian Haley, Cynthia Nixon","John Hughes, Richard Vane",50000000,16671505,3.5321,6.402,1439,[]
14139,Timecrimes,2007-11-01,"Science Fiction, Thriller",Nacho Vigalondo,"Karra Elejalde, Candela Fernández, Bárbara Goenaga, Nacho Vigalondo, Juan Inciarte","Eduardo Carneros, Javier Ibarretxe",2600000,553198,2.4506,7.026,1436,[]
581528,"The Gangster, the Cop, the Devil",2019-05-15,"Action, Crime, Thriller",Lee Won-tae,"Don Lee, Kim Moo-yul, Kim Sung-kyu, Heo Dong-won, You Chea-myung","Sylvester Stallone, Seo Kang-ho",6500000,25775371,9.179,7.843,1431,[]
520023,Bodies Bodies Bodies,2022-08-05,"Horror, Comedy, Mystery, Thriller",Halina Reijn,"Amandla Stenberg, Maria Bakalova, Myha'la, Rachel Sennott, Chase Sui Wonders","Ali Herting, David Hinojosa",3000000,13929670,2.8491,6.2,1432,[]
381890,The Mermaid,2016-02-08,"Comedy, Fantasy, Romance",Stephen Chow,"Lin Yun, Deng Chao, Zhang Yuqi, Show Lo, Tsui Hark","Zhao Haicheng, Tian Tian",60720000,553810228,4.0177,6.546,482,[]
11033,Dressed to Kill,1980-07-25,"Thriller, Mystery, Horror",Brian De Palma,"Michael Caine, Nancy Allen, Angie Dickinson, Keith Gordon, Dennis Franz",George Litto,6500000,31899000,3.4611,7.0,1093,[]
3563,I Now Pronounce You Chuck & Larry,2007-07-12,"Comedy, Romance",Dennis Dugan,"Adam Sandler, Kevin James, Jessica Biel, Dan Aykroyd, Ving Rhames","Michael Bostick, James D. Brubaker",85000000,187134117,3.3397,6.079,2507,[]
11152,The Ruins,2008-04-02,Horror,Carter Smith,"Jonathan Tucker, Jena Malone, Shawn Ashmore, Laura Ramsey, Joe Anderson","Stuart Cornfeld, Chris Bender",8000000,22818256,2.3905,5.928,1419,[]
283552,The Light Between Oceans,2016-09-02,"Drama, Romance",Derek Cianfrance,"Michael Fassbender, Alicia Vikander, Rachel Weisz, Bryan Brown, Jack Thompson","David Heyman, Jeffrey Clifford",20000000,25975621,1.8044,7.064,1416,[]
687,Dead Man Walking,1995-12-29,Drama,Tim Robbins,"Susan Sarandon, Sean Penn, Robert Prosky, Raymond J. Barry, R. Lee Ermey","Tim Robbins, Rudd Simmons",11000000,39363635,4.4678,7.323,1486,[]
2310,Beowulf,2007-11-05,"Adventure, Action, Animation",Robert Zemeckis,"Ray Winstone, Angelina Jolie, Anthony Hopkins, John Malkovich, Robin Wright","Jack Rapke, Steve Starkey",70000000,195735876,4.4534,5.911,3027,[]
11249,Seed of Chucky,2004-11-12,"Horror, Comedy",Don Mancini,"Brad Dourif, Jennifer Tilly, Billy Boyd, Redman, Hannah Spearritt","David Kirschner, Corey Sienega",12000000,24829644,4.6575,5.512,1741,[]
11831,Amistad,1997-12-10,"Drama, History, Mystery",Steven Spielberg,"Morgan Freeman, Nigel Hawthorne, Anthony Hopkins, Djimon Hounsou, Matthew McConaughey","Steven Spielberg, Colin Wilson",36000000,44229441,0.7252,7.012,1404,[]
4192,Death on the Nile,1978-09-29,Mystery,John Guillermin,"Peter Ustinov, Jane Birkin, Lois Chiles, Bette Davis, Mia Farrow","John Brabourne, Richard Goodwin",7920000,14560084,3.3621,7.14,891,[]
2110,Wasabi,2001-10-31,"Drama, Action, Comedy",Gérard Krawczyk,"Jean Reno, Hirosue Ryoko, Michel Muller, Carole Bouquet, Yoshi Oida",Luc Besson,15300000,10366360,4.0988,6.7,1403,[]
30596,Bodyguards and Assassins,2009-12-18,"Drama, Action, History",Teddy Chan,"Donnie Yen, Wang Xueqi, Tony Leung Ka-fai, Nicholas Tse Ting-Fung, Hu Jun","Peter Chan Ho-Sun, Huang Jianxin",23000000,6604537,3.536,6.8,390,[]
359412,Marauders,2016-07-01,"Action, Crime, Thriller",Steven C. Miller,"Bruce Willis, Dave Bautista, Christopher Meloni, Danny A. Abeckaser, Lydia Hull","Randall Emmett, George Furla",15000000,1616004,3.3435,5.8,699,[]
12100,Windtalkers,2002-06-07,"War, Action",John Woo,"Nicolas Cage, Adam Beach, Peter Stormare, Noah Emmerich, Mark Ruffalo","Terence Chang, Tracie Graham-Rice",115000000,77600000,3.7844,6.3,1389,[]
1389,Out of Sight,1998-06-26,"Romance, Comedy, Crime",Steven Soderbergh,"George Clooney, Jennifer Lopez, Ving Rhames, Don Cheadle, Steve Zahn","Stacey Sher, Danny DeVito",48000000,77745966,2.8851,6.679,1388,[]
40264,Vampires Suck,2010-08-18,"Comedy, Fantasy",Aaron Seltzer,"Jenn Proske, Matt Lanter, Chris Riggi, Diedrich Bader, Anneliese Van Der Pol","Jason Friedberg, Peter Safran",20000000,80547866,3.2441,4.39,1387,[]
75638,Red Lights,2012-03-02,Thriller,Rodrigo Cortés,"Cillian Murphy, Sigourney Weaver, Robert De Niro, Elizabeth Olsen, Toby Jones","Adrián Guerra, Rodrigo Cortés",14000000,13551174,2.7204,6.175,1388,[]
3078,It Happened One Night,1934-02-22,"Comedy, Romance",Frank Capra,"Clark Gable, Claudette Colbert, Walter Connolly, Roscoe Karns, Jameson Thomas","Frank Capra, Harry Cohn",325000,4500000,2.418,7.8,1385,[]
306819,The Danish Girl,2015-11-27,Drama,Tom Hooper,"Eddie Redmayne, Alicia Vikander, Matthias Schoenaerts, Ben Whishaw, Sebastian Koch","Eric Fellner, Tim Bevan",15000000,64200000,3.411,7.55,5923,[]
413362,"Roman J. Israel, Esq.",2017-11-17,"Drama, Crime, Thriller",Dan Gilroy,"Denzel Washington, Colin Farrell, Carmen Ejogo, Lynda Gravatt, Amanda Warren","Denzel Washington, Jennifer Fox",22000000,13025860,2.6112,6.346,1383,[]
2046,The Gift,2000-12-22,"Horror, Drama, Thriller, Mystery",Sam Raimi,"Cate Blanchett, Giovanni Ribisi, Keanu Reeves, Katie Holmes, Greg Kinnear","James Jacks, Gary Lucchesi",10000000,12008642,3.6012,6.474,1364,[]
138,Dracula,1931-02-12,Horror,Tod Browning,"Bela Lugosi, Helen Chandler, David Manners, Dwight Frye, Edward Van Sloan","Carl Laemmle Jr., Tod Browning",355000,700000,2.4662,7.169,1363,[]
31011,Mr. Nobody,2009-11-06,"Science Fiction, Drama, Romance",Jaco Van Dormael,"Jared Leto, Sarah Polley, Diane Kruger, Linh-Dan Pham, Rhys Ifans",Philippe Godeau,47000000,2331721,3.7533,7.797,6178,[]
293,A River Runs Through It,1992-10-09,"Drama, Family",Robert Redford,"Craig Sheffer, Brad Pitt, Tom Skerritt, Brenda Blethyn, Emily Lloyd","Robert Redford, Patrick Markey",12000000,43440294,3.5906,7.023,1176,[]
77459,A Monster in Paris,2011-10-12,"Adventure, Animation, Comedy, Family, Fantasy",Bibo Bergeron,"Vanessa Paradis, Matthieu Chedid, Gad Elmaleh, François Cluzet, Ludivine Sagnier",,25000000,26611650,2.416,6.898,1346,[]
517116,Haunt,2019-09-13,"Horror, Thriller",Scott Beck,"Katie Stevens, Will Brittain, Lauryn McClain, Shazi Raja, Andrew Lewis Caldwell","Mark Fasano, Vishal Rungta",5000000,2243353,3.245,6.671,1349,[]
241554,Run All Night,2015-03-11,"Action, Crime, Thriller",Jaume Collet-Serra,"Liam Neeson, Joel Kinnaman, Ed Harris, Vincent D'Onofrio, Bruce McGill","Roy Lee, Brooklyn Weaver",50000000,71561644,4.0387,6.428,2949,[]
9494,Look Who's Talking,1989-10-12,"Comedy, Romance",Amy Heckerling,"John Travolta, Kirstie Alley, Olympia Dukakis, George Segal, Abe Vigoda",Jonathan D. Krane,7500000,296999813,3.4004,6.272,2434,[]
1649,Bill & Ted's Bogus Journey,1991-07-19,"Adventure, Comedy, Science Fiction",Peter Hewitt,"Keanu Reeves, Alex Winter, William Sadler, Joss Ackland, Pam Grier",Scott Kroopf,20000000,38040268,1.8548,6.3,1340,[]
830,Forbidden Planet,1956-03-23,"Science Fiction, Adventure",Fred M. Wilcox,"Walter Pidgeon, Anne Francis, Leslie Nielsen, Warren Stevens, Jack Kelly",Nicholas Nayfack,1900000,3250000,3.5589,7.2,1043,[]
200,Star Trek: Insurrection,1998-12-11,"Science Fiction, Action, Adventure, Thriller",Jonathan Frakes,"Patrick Stewart, Brent Spiner, Michael Dorn, Jonathan Frakes, F. Murray Abraham","Peter Lauritson, Michael Piller",70000000,112587658,2.7104,6.444,1336,[]
7211,Dan in Real Life,2007-10-26,"Comedy, Romance, Drama",Peter Hedges,"Steve Carell, Juliette Binoche, Dane Cook, Alison Pill, Britt Robertson","Jonathan Shestack, Brad Epstein",25000000,68474305,2.1328,6.575,1333,[]
877,Scarface,1932-04-09,"Crime, Action, Drama",Howard Hawks,"Paul Muni, Ann Dvorak, Karen Morley, Osgood Perkins, C. Henry Gordon","Howard Hawks, Howard Hughes",800000,600000,3.3543,7.405,687,[]
49520,The Change-Up,2011-08-05,Comedy,David Dobkin,"Jason Bateman, Ryan Reynolds, Leslie Mann, Olivia Wilde, Alan Arkin","David Dobkin, Neal H. Moritz",52000000,75500000,4.2056,6.156,2940,[]
10865,Atlantis: The Lost Empire,2001-06-02,"Animation, Family, Adventure, Science Fiction",Gary Trousdale,"Michael J. Fox, Cree Summer, James Garner, Claudia Christian, Corey Burton",Don Hahn,120000000,186053725,4.334,7.037,5097,[]
9294,Phenomenon,1996-07-05,"Drama, Romance, Fantasy",Jon Turteltaub,"John Travolta, Kyra Sedgwick, Forest Whitaker, Robert Duvall, Jeffrey DeMunn","Michael Taylor, Barbara Boyle",32000000,152000000,3.1986,6.5,1315,[]
2019,Hard Target,1993-04-27,"Action, Thriller, Crime",John Woo,"Jean-Claude Van Damme, Arnold Vosloo, Lance Henriksen, Yancy Butler, Sven-Ole Thorsen","Sean Daniel, James Jacks",18000000,74189677,4.6206,6.481,1316,[]
11901,High Plains Drifter,1973-04-19,"Western, Drama, Mystery",Clint Eastwood,"Clint Eastwood, Verna Bloom, Marianna Hill, Mitchell Ryan, Jack Ging",Robert Daley,5500000,15700000,2.6548,7.3,1315,[]
368031,Friend Request,2016-01-07,"Horror, Thriller",Simon Verhoeven,"Alycia Debnam-Carey, Connor Paolo, William Moseley, Brit Morgan, Brooke Markham","Quirin Berg, Max Wiedemann",9900000,10975390,1.4673,5.552,1313,[]
405775,The Wall,2017-05-12,"War, Thriller, Drama, Action",Doug Liman,"Aaron Taylor-Johnson, John Cena, Laith Nakli","Dave Bartis, Carrie Prince",3000000,4500000,3.4262,6.402,1036,[]
268531,Captain Underpants: The First Epic Movie,2017-06-01,"Family, Comedy, Animation, Science Fiction, Action",David Soren,"Kevin Hart, Thomas Middleditch, Ed Helms, Nick Kroll, Jordan Peele","Chris Finnegan, Mark Swift",38000000,125427681,3.9427,6.284,1342,[]
25793,Precious: Based on the Novel 'Push' by Sapphire,2009-11-06,Drama,Lee Daniels,"Gabourey Sidibe, Mo'Nique, Paula Patton, Mariah Carey, Sherri Shepherd","Lee Daniels, Gary Magness",10000000,47536959,4.4339,7.3,1760,[]
11974,The 'Burbs,1989-02-17,"Comedy, Horror, Thriller",Joe Dante,"Tom Hanks, Bruce Dern, Carrie Fisher, Rick Ducommun, Wendy Schaal","Larry Brezner, Michael Finnell",18000000,49101993,4.0707,6.751,1357,[]
1056360,American Fiction,2023-11-10,"Comedy, Drama",Cord Jefferson,"Jeffrey Wright, John Ortiz, Erika Alexander, Leslie Uggams, Sterling K. Brown","Nikos Karamigios, Cord Jefferson",16000000,22483370,2.3049,7.265,1305,[]
465086,The Grudge,2019-12-31,"Horror, Mystery",Nicolas Pesce,"Andrea Riseborough, Demián Bichir, John Cho, Lin Shaye, Jacki Weaver","Takashige Ichise, Sam Raimi",10000000,49511319,2.3074,5.418,1303,[]
1654,The Dirty Dozen,1967-06-15,"Action, Adventure, War",Robert Aldrich,"Lee Marvin, Ernest Borgnine, Charles Bronson, Jim Brown, John Cassavetes",Kenneth Hyman,5400000,45300000,6.4751,7.584,1300,[]
53487,This Must Be the Place,2011-08-24,Drama,Paolo Sorrentino,"Sean Penn, Olwen Fouéré, Eve Hewson, Johnny Ward, Sam Keeley","Andrea Occhipinti, Nicola Giuliano",25000000,11790979,1.0309,7.0,1299,[]
6404,Nosferatu the Vampyre,1979-01-17,"Drama, Horror",Werner Herzog,"Klaus Kinski, Isabelle Adjani, Bruno Ganz, Roland Topor, Walter Ladengast","Daniel Toscan du Plantier, Michael Gruskoff",1400000,3451,3.0838,7.282,1066,[]
442249,The First Purge,2018-07-04,"Action, Horror, Thriller",Gerard McMurray,"Y'lan Noel, Lex Scott Davis, Joivan Wade, Steve Harris, Mugga","Michael Bay, Jason Blum",13000000,137056262,3.7908,6.0,4198,[]
522518,A Dog's Journey,2019-05-03,"Family, Adventure, Drama",Gail Mancuso,"Marg Helgenberger, Betty Gilpin, Henry Lau, Kathryn Prescott, Dennis Quaid",Gavin Polone,16000000,78871079,3.5709,8.055,1609,[]
34480,The Descent: Part 2,2009-10-14,"Adventure, Horror, Thriller",Jon Harris,"Shauna Macdonald, Natalie Mendoza, Gavan O'Herlihy, Josh Dallas, Anna Skellern","Ivana MacKinnon, Christian Colson",6000200,7048886,2.3678,5.959,1288,[]
38303,You Again,2010-09-23,"Comedy, Romance",Andy Fickman,"Kristen Bell, Jamie Lee Curtis, Sigourney Weaver, Odette Annable, Victor Garber","Andy Fickman, John J. Strauss",20000000,32054369,2.2058,6.269,1287,[]
11259,Far and Away,1992-05-22,"Adventure, Drama, Romance, Western",Ron Howard,"Tom Cruise, Nicole Kidman, Thomas Gibson, Robert Prosky, Barbara Babcock","Ron Howard, Brian Grazer",60000000,137783840,3.411,6.769,1288,[]
11499,Frost/Nixon,2008-10-15,"Drama, History",Ron Howard,"Frank Langella, Michael Sheen, Kevin Bacon, Rebecca Hall, Toby Jones","Eric Fellner, Tim Bevan",25000000,27426335,2.0744,7.281,1286,[]
2116,Out of Time,2003-10-03,"Thriller, Crime, Drama",Carl Franklin,"Denzel Washington, Eva Mendes, Sanaa Lathan, John Billingsley, Dean Cain","Neal H. Moritz, Jesse Beaton",50000000,55495563,2.4622,6.359,1285,[]
45657,The Ward,2010-09-13,"Horror, Thriller",John Carpenter,"Amber Heard, Mamie Gummer, Danielle Panabaker, Jared Harris, Laura-Leigh","Peter Block, Doug Mankoff",10000000,5343820,2.7317,5.8,1281,[]
11524,Thief,1981-03-27,"Crime, Thriller, Drama",Michael Mann,"James Caan, Tuesday Weld, Robert Prosky, Willie Nelson, Jim Belushi","Jerry Bruckheimer, Ronnie Caan",5500000,11494812,3.6912,7.214,817,[]
10911,The Guns of Navarone,1961-04-27,"War, Adventure, Thriller",J. Lee Thompson,"Gregory Peck, David Niven, Anthony Quinn, Stanley Baker, Anthony Quayle",Carl Foreman,6000000,28900000,4.0147,7.309,853,[]
9869,Patriot Games,1992-06-04,"Drama, Action, Thriller, Crime",Phillip Noyce,"Harrison Ford, Anne Archer, Thora Birch, Sean Bean, Patrick Bergin","Mace Neufeld, Robert Rehme",45000000,178051587,4.715,6.678,1794,[]
11158,"Honey, I Blew Up the Kid",1992-07-16,"Adventure, Comedy, Family, Science Fiction",Randal Kleiser,"Rick Moranis, Marcia Strassman, Robert Oliveri, Daniel Shalikar, Joshua Shalikar","Dawn Steel, Edward S. Feldman",40000000,58662452,2.9664,5.274,1266,[]
430231,The Endless,2017-11-05,"Science Fiction, Horror, Thriller",Aaron Moorhead,"Aaron Moorhead, Justin Benson, Callie Hernandez, Tate Ellington, Shane Brady","Aaron Moorhead, Thomas R. Burke",1000000,956425,2.4885,6.331,1265,[]
12437,Underworld: Rise of the Lycans,2009-01-22,"Fantasy, Action, Thriller",Patrick Tatopoulos,"Rhona Mitra, Bill Nighy, Michael Sheen, Shane Brolly, Steven Mackintosh","Gary Lucchesi, Len Wiseman",35000000,92158961,3.7562,6.54,3914,[]
37495,Four Lions,2010-05-07,"Comedy, Crime, Drama",Chris Morris,"Riz Ahmed, Nigel Lindsay, Kayvan Novak, Adeel Akhtar, Arsher Ali","Mark Herbert, Derrin Schlesinger",3900000,6200000,1.9068,6.956,1262,[]
10246,Porky's,1981-11-13,Comedy,Bob Clark,"Dan Monahan, Mark Herrier, Wyatt Knight, Roger Wilson, Cyril O'Reilly","Don Carmody, Bob Clark",4000000,159989673,3.9608,6.4,952,[]
11509,Silverado,1985-07-10,"Western, Action, Drama",Lawrence Kasdan,"Kevin Kline, Scott Glenn, Danny Glover, Kevin Costner, Brian Dennehy",Lawrence Kasdan,23000000,32192570,3.7204,6.942,799,[]
587412,K.G.F: Chapter 2,2022-04-14,"Action, Thriller, Adventure, Crime",Prashanth Neel,"Yash, Sanjay Dutt, Raveena Tandon, Srinidhi Shetty, Archana Jois",Vijay Kiragandur,13000000,90410749,3.482,7.408,201,[]
60307,Diary of a Wimpy Kid: Rodrick Rules,2011-03-25,"Family, Comedy",David Bowers,"Zachary Gordon, Devon Bostick, Robert Capron, Steve Zahn, Rachael Harris","Brad Simpson, Nina Jacobson",18000000,72200000,2.9978,6.709,1239,[]
445,Caché,2005-10-05,"Mystery, Drama, Thriller",Michael Haneke,"Daniel Auteuil, Juliette Binoche, Annie Girardot, Bernard Le Coq, Daniel Duval","Michael Weber, Valerio De Paolis",8500000,16197824,3.0539,7.0,1240,[]
9825,Lake Placid,1999-07-15,"Horror, Comedy, Action, Science Fiction, Thriller",Steve Miner,"Bill Pullman, Bridget Fonda, Oliver Platt, Brendan Gleeson, Betty White","Michael Pressman, David E. Kelley",27000000,56870414,2.9643,5.934,1237,[]
1630,The People vs. Larry Flynt,1996-12-25,Drama,Miloš Forman,"Woody Harrelson, Courtney Love, Edward Norton, Brett Harrelson, Donna Hanover","Michael Hausman, Janet Yang",36000000,20300385,3.7884,7.0,1236,[]
16938,Black Christmas,1974-10-11,"Horror, Mystery, Crime",Bob Clark,"Olivia Hussey, Keir Dullea, Margot Kidder, John Saxon, Marian Waldman",Bob Clark,686000,4000000,3.7017,6.951,935,[]
585244,I Still Believe,2020-03-12,"Music, Drama, Romance",Andrew Erwin,"KJ Apa, Britt Robertson, Nathan Parsons, Gary Sinise, Shania Twain","Kevin Downes, Andrew Erwin",12000000,16069730,2.5475,7.571,1224,[]
4961,Mimic,1997-08-22,"Horror, Science Fiction",Guillermo del Toro,"Mira Sorvino, Jeremy Northam, Giancarlo Giannini, Charles S. Dutton, Josh Brolin","Ole Bornedal, Bob Weinstein",30000000,25480490,3.2912,6.07,1220,[]
1073,Arlington Road,1999-03-19,"Crime, Drama, Thriller, Mystery",Mark Pellington,"Jeff Bridges, Tim Robbins, Joan Cusack, Hope Davis, Robert Gossett","Tom Gorai, Peter Samuelson",31000000,41100000,3.3766,7.03,1220,[]
192102,3 Days to Kill,2014-02-14,"Action, Drama, Thriller",McG,"Kevin Costner, Amber Heard, Hailee Steinfeld, Connie Nielsen, Tómas Lemarquis","Marc Libert, Ryan Kavanaugh",28000000,53260230,3.5117,6.107,2300,[]
9460,Black Mask,1996-11-07,Action,Daniel Lee,"Jet Li, Sean Lau Ching-wan, Karen Mok Man-Wai, Françoise Yip, Patrick Lung Kong","Tsui Hark, Charles Heung",8000000,60004461,3.3296,6.2,292,[]
39939,Super Troopers,2001-02-15,"Comedy, Crime, Mystery",Jay Chandrasekhar,"Jay Chandrasekhar, Kevin Heffernan, Steve Lemme, Paul Soter, Erik Stolhanske",Richard Perello,3000000,23182223,2.8819,6.562,1209,[]
2752,40 Days and 40 Nights,2002-03-01,"Comedy, Romance",Michael Lehmann,"Josh Hartnett, Shannyn Sossamon, Paulo Costanzo, Vinessa Shaw, Maggie Gyllenhaal","Michael London, Tim Bevan",17000000,95146283,1.2112,5.5,1208,[]
77495,Sleep Tight,2011-10-14,"Thriller, Horror",Jaume Balagueró,"Luis Tosar, Marta Etura, Alberto San Juan, Petra Martínez, Iris Almeida Molina",Julio Fernández,5000000,8791590,1.9665,7.1,1209,[]
17692,Jaws 3-D,1983-07-22,"Thriller, Horror",Joe Alves,"Dennis Quaid, Bess Armstrong, Simon MacCorkindale, Louis Gossett Jr., John Putch",Rupert Hitzig,20500000,87987056,3.166,4.473,1405,[]
10022,The Pacifier,2005-03-04,"Comedy, Family, Action",Adam Shankman,"Vin Diesel, Lauren Graham, Faith Ford, Brittany Snow, Max Thieriot","Gary Barber, Roger Birnbaum",56000000,198636868,3.6714,6.1,3228,[]
10518,Marathon Man,1976-10-08,"Thriller, Crime, Drama",John Schlesinger,"Dustin Hoffman, Laurence Olivier, Roy Scheider, William Devane, Marthe Keller","Sidney Beckerman, Robert Evans",6500000,21709020,2.9543,7.182,1199,[]
10435,Chaplin,1992-12-17,Drama,Richard Attenborough,"Robert Downey Jr., Geraldine Chaplin, Paul Rhys, Marisa Tomei, Milla Jovovich","Mario Kassar, Richard Attenborough",31000000,9493259,2.3019,7.42,1196,[]
2742,Naked Lunch,1991-12-27,"Crime, Drama",David Cronenberg,"Peter Weller, Judy Davis, Ian Holm, Julian Sands, Roy Scheider",Jeremy Thomas,16000000,2641357,1.8243,7.007,1192,[]
155084,13 Sins,2014-04-11,"Horror, Thriller",Daniel Stamm,"Mark Webber, Devon Graye, Tom Bower, Ron Perlman, Rutina Wesley","Steven Squillante, Brian Kavanaugh-Jones",5000000,13809,2.3762,6.318,1192,[]
10014,A Nightmare on Elm Street Part 2: Freddy's Revenge,1985-11-01,Horror,Jack Sholder,"Robert Englund, Mark Patton, Kim Myers, Robert Rusler, Clu Gulager",Robert Shaye,3000000,30000121,4.2851,5.778,2077,[]
2623,An Officer and a Gentleman,1982-07-28,"Drama, Romance",Taylor Hackford,"Richard Gere, Debra Winger, Louis Gossett Jr., David Keith, Robert Loggia",Martin Elfand,7500000,129795554,3.4712,7.012,1181,[]
3083,Mr. Smith Goes to Washington,1939-10-19,"Comedy, Drama",Frank Capra,"James Stewart, Jean Arthur, Claude Rains, Edward Arnold, Guy Kibbee",,1500000,9600000,1.6169,7.829,1180,[]
484247,A Simple Favor,2018-09-13,"Thriller, Comedy, Mystery",Paul Feig,"Anna Kendrick, Blake Lively, Henry Golding, Rupert Friend, Linda Cardellini","Jessie Henderson, Paul Feig",20000000,97644617,3.416,6.642,4549,[]
610253,Halloween Kills,2021-10-14,"Horror, Thriller",David Gordon Green,"Jamie Lee Curtis, Judy Greer, Andi Matichak, James Jude Courtney, Nick Castle","Jason Blum, Malek Akkad",20000000,133423964,4.0863,6.4,2880,[]
10878,Saving Silverman,2001-02-09,"Comedy, Crime, Romance",Dennis Dugan,"Steve Zahn, Jack Black, Jason Biggs, Amanda Peet, Amanda Detmer",Neal H. Moritz,22000000,19351569,3.5647,5.7,586,[]
460555,Operation Red Sea,2018-02-16,"Action, Thriller, War, Adventure",Dante Lam Chiu-Yin,"Zhang Yi, Johnny Huang, Hai Qing, Du Jiang, Zhang Hanyu","Candy Leung Fung-Ying, Cheung Chi-Ho",70000000,579330426,3.4861,7.424,432,[]
52077,Nothing to Declare,2010-12-20,Comedy,Dany Boon,"Benoît Poelvoorde, Dany Boon, Julie Bernard, Christel Pedrinelli, Joachim Ledeganck","Fabrice Delville, Jérôme Seydoux",28000000,93800000,1.4065,5.869,1169,[]
11000,The Birdcage,1996-03-03,Comedy,Mike Nichols,"Robin Williams, Gene Hackman, Nathan Lane, Dianne Wiest, Dan Futterman",Mike Nichols,31000000,185300000,4.011,7.1,1340,[]
1011477,Karate Kid: Legends,2025-05-08,"Action, Adventure, Drama",Jonathan Entwistle,"Jackie Chan, Ben Wang, Joshua Jackson, Sadie Stanley, Ming-Na Wen",Karen Rosenfelt,45000000,117105466,14.8227,7.013,1152,[]
5143,Hannah and Her Sisters,1986-02-07,"Comedy, Drama",Woody Allen,"Mia Farrow, Barbara Hershey, Dianne Wiest, Woody Allen, Michael Caine",Robert Greenhut,6400000,40084041,2.1396,7.482,1151,[]
531876,The Outpost,2020-06-24,"War, Drama, History, Action",Rod Lurie,"Scott Eastwood, Caleb Landry Jones, Orlando Bloom, Ernest Cavazos, Taylor John Smith","Marc Frydman, Jeffrey Greenstein",18000000,2133452,3.7218,6.9,1151,[]
10437,The Muppet Christmas Carol,1992-12-11,"Music, Comedy, Family, Fantasy, Drama",Brian Henson,"Michael Caine, Dave Goelz, Steve Whitmire, Jerry Nelson, Frank Oz","Brian Henson, Martin G. Baker",12000000,27300000,2.5924,7.44,1151,[]
282813,The Pyramid,2014-12-04,Horror,Grégory Levasseur,"Ashley Hinshaw, Denis O'Hare, James Buckley, Amir K, Christa Nicola","Alexandre Aja, Mark Canton",6500000,16861137,1.611,5.3,1149,[]
11892,Murder by Numbers,2002-04-19,"Crime, Drama, Thriller",Barbet Schroeder,"Sandra Bullock, Ben Chaplin, Ryan Gosling, Michael Pitt, Agnes Bruckner","Barbet Schroeder, Susan Hoffman",50000000,56714147,2.127,6.166,1148,[]
3580,Changeling,2008-10-24,"Crime, Drama, Mystery",Clint Eastwood,"Angelina Jolie, John Malkovich, Jeffrey Donovan, Michael Kelly, Colm Feore","Brian Grazer, Ron Howard",55000000,113400000,2.9371,7.58,4444,[]
940139,Here,2024-10-30,Drama,Robert Zemeckis,"Tom Hanks, Robin Wright, Paul Bettany, Kelly Reilly, Finn Guegan","Bill Block, Robert Zemeckis",40000000,15397270,3.5562,6.526,644,[]
651,M*A*S*H,1970-02-18,"Comedy, Drama, War",Robert Altman,"Donald Sutherland, Elliott Gould, Tom Skerritt, Sally Kellerman, Robert Duvall",Ingo Preminger,3500000,81600000,3.7791,6.952,1140,[]
71668,Piranha 3DD,2012-05-11,"Horror, Thriller, Comedy",John Gulager,"Danielle Panabaker, Matt Bush, Katrina Bowden, Jean-Luc Bilodeau, David Koechner","Mark Canton, Joel Soisson",5000000,8493728,2.8958,4.324,1137,[]
16281,Creepshow,1982-11-10,"Horror, Comedy",George A. Romero,"Hal Holbrook, Adrienne Barbeau, Fritz Weaver, Leslie Nielsen, Carrie Nye",Richard P. Rubinstein,8000000,21028755,2.8376,6.907,1137,[]
807356,Watcher,2022-06-03,"Horror, Mystery, Thriller",Chloe Okuno,"Maika Monroe, Karl Glusman, Burn Gorman, Mãdãlina Anea, Gabriela Butuc","Derek Dauchy, Mason Novick",5000000,2543216,3.1492,6.485,1134,[]
4551,Be Cool,2005-03-04,"Comedy, Crime",F. Gary Gray,"John Travolta, Uma Thurman, Vince Vaughn, Cedric the Entertainer, Dwayne Johnson","Danny DeVito, David Nicksay",53000000,95200000,3.333,5.468,967,[]
2056,The Station Agent,2003-12-05,"Drama, Comedy",Tom McCarthy,"Peter Dinklage, Patricia Clarkson, Bobby Cannavale, Michelle Williams, Raven Goodwin","Robert May, Mary Jane Skalski",500000,8701337,3.1729,7.348,778,[]
398173,The House That Jack Built,2018-10-04,"Drama, Horror, Crime, Thriller",Lars von Trier,"Matt Dillon, Bruno Ganz, Uma Thurman, Siobhan Fallon Hogan, Sofie Gråbøl",Louise Vesth,9800000,5566776,3.3192,7.13,3019,[]
12113,Body of Lies,2008-10-09,"Action, Drama, Thriller",Ridley Scott,"Leonardo DiCaprio, Russell Crowe, Golshifteh Farahani, Mark Strong, Ali Suliman","Donald De Line, Ridley Scott",70000000,113280098,3.601,6.628,3285,[]
9718,Talladega Nights: The Ballad of Ricky Bobby,2006-08-04,Comedy,Adam McKay,"Will Ferrell, John C. Reilly, Sacha Baron Cohen, Gary Cole, Leslie Bibb","Judd Apatow, Jimmy Miller",72500000,163000000,3.9661,6.372,1868,[]
1182047,The Apprentice,2024-10-09,"History, Drama",Ali Abbasi,"Sebastian Stan, Jeremy Strong, Martin Donovan, Maria Bakalova, Catherine McNally","Ali Abbasi, Daniel Bekerman",16000000,17271613,3.2246,6.868,936,[]
9826,The Phantom,1996-06-06,"Adventure, Action",Simon Wincer,"Billy Zane, Kristy Swanson, Treat Williams, Catherine Zeta-Jones, James Remar","Robert Evans, Alan Ladd Jr.",45000000,17323326,3.8392,5.282,607,[]
8852,Prince of Darkness,1987-10-23,Horror,John Carpenter,"Donald Pleasence, Lisa Blount, Victor Wong, Jameson Parker, Dennis Dun",Larry Franco,3000000,14182492,1.9341,6.772,1125,[]
1975,The Grudge 2,2006-10-12,"Horror, Thriller",Takashi Shimizu,"Amber Tamblyn, Edison Chen, Takako Fuji, Ohga Tanaka, Sarah Michelle Gellar","Robert Tapert, Takashige Ichise",20000000,39143839,2.5656,5.6,1111,[]
749274,Cry Macho,2021-09-16,"Drama, Western",Clint Eastwood,"Clint Eastwood, Eduardo Minett, Natalia Traven, Dwight Yoakam, Fernanda Urrejola","Albert S. Ruddy, Clint Eastwood",33000000,16510734,1.8528,5.94,1113,[]
4244,The Kid,2000-07-07,"Fantasy, Comedy, Family",Jon Turteltaub,"Bruce Willis, Spencer Breslin, Emily Mortimer, Lily Tomlin, Jean Smart","Hunt Lowry, Christina Steinberg",65000000,110317580,2.2373,6.75,1104,[]
1186532,The Forge,2024-08-22,"Drama, Family",Alex Kendrick,"Aspen Kennedy Wilson, Priscilla C. Shirer, Cameron Arnett, Karen Abercrombie, T.C. Stallings","Stephen Kendrick, Trey Reynolds",5000000,40392664,3.7996,8.2,326,[]
23538,A Dirty Carnival,2006-10-17,"Crime, Drama, Action",Yoo Ha,"Zo In-sung, Cheon Ho-jin, Namkoong Min, Lee Bo-young, Jin Goo",Kim Mi-hee,4700000,10371998,3.1929,7.025,224,[]
3177,Battle Royale II: Requiem,2003-07-05,"Action, Thriller",Kenta Fukasaku,"Shugo Oshinari, Ai Maeda, Tatsuya Fujiwara, Ayana Sakai, Takeshi Kitano","Kenta Fukasaku, Kimio Kataoka",9080000,14902587,3.0253,5.0,527,[]
12110,Dracula: Dead and Loving It,1995-12-22,"Comedy, Horror",Mel Brooks,"Leslie Nielsen, Mel Brooks, Amy Yasbeck, Peter MacNicol, Lysette Anthony",Mel Brooks,30000000,10772144,2.4453,6.06,1093,[]
2028,Say Anything...,1989-04-14,"Romance, Comedy, Drama",Cameron Crowe,"John Cusack, Ione Skye, John Mahoney, Lili Taylor, Amy Brooks","Paul Germain, Polly Platt",16000000,20036737,2.898,7.009,1092,[]
26171,Everybody's Fine,2009-12-04,Drama,Kirk Jones,"Robert De Niro, Drew Barrymore, Kate Beckinsale, Sam Rockwell, Melissa Leo","Vittorio Cecchi Gori, Ted Field",21000000,16443609,3.4595,6.8,1091,[]
13474,P2,2007-11-09,"Horror, Thriller",Franck Khalfoun,"Rachel Nichols, Wes Bentley, Simon Reynolds, Philip Akin, Miranda Edwards","Alexandre Aja, Patrick Wachsberger",3500000,7766240,2.6095,6.222,925,[]
11982,Look Who's Talking Now!,1993-11-05,"Romance, Comedy, Family",Tom Ropelewski,"John Travolta, Kirstie Alley, Olympia Dukakis, Lysette Anthony, David Gallagher",Jonathan D. Krane,22000000,10340263,2.0093,5.325,1082,[]
523607,Maestro,2023-11-22,"Drama, Romance, Music",Bradley Cooper,"Carey Mulligan, Bradley Cooper, Matt Bomer, Vincenzo Amato, Greg Hildreth","Fred Berner, Martin Scorsese",80000000,300000,3.1394,6.267,824,[]
1013601,The Alto Knights,2025-03-19,"Crime, Drama, History",Barry Levinson,"Robert De Niro, Debra Messing, Cosmo Jarvis, Kathrine Narducci, Michael Rispoli","Irwin Winkler, Jason Sosnoff",45000000,10225566,3.2178,6.211,413,[]
10351,Wishmaster,1997-09-19,"Horror, Fantasy",Robert Kurtzman,"Angus Scrimm, Andrew Divoff, Tammy Lauren, Robert Englund, Ari Barak","Pierre David, Clark Peterson",5000000,15738769,3.348,6.1,689,[]
1125,Dreamgirls,2006-12-25,"Drama, Music",Bill Condon,"Jamie Foxx, Beyoncé, Eddie Murphy, Danny Glover, Jennifer Hudson","David Geffen, Laurence Mark",70000000,154937680,3.0412,6.7,1071,[]
430040,The Hurricane Heist,2018-02-28,"Action, Adventure, Crime, Thriller",Rob Cohen,"Toby Kebbell, Maggie Grace, Ryan Kwanten, Ralph Ineson, Melissa Bolona","Michael Tadross Jr., Damiano Tucci",35000000,32517248,2.1659,5.681,1069,[]
297725,The Man Who Killed Don Quixote,2018-05-19,"Adventure, Comedy",Terry Gilliam,"Adam Driver, Jonathan Pryce, Stellan Skarsgård, Jordi Mollà, Joana Ribeiro","Amy Gilliam, Gabriele Oricchio",19116000,2433457,1.4645,6.746,1069,[]
501979,Bill & Ted Face the Music,2020-08-27,"Comedy, Science Fiction, Adventure, Music",Dean Parisot,"Keanu Reeves, Alex Winter, Kristen Schaal, Samara Weaving, Jack Haven","Scott Kroopf, Alex Lebovici",25000000,6274027,2.5992,5.901,1065,[]
1239655,Friendship,2025-05-09,Comedy,Andrew DeYoung,"Tim Robinson, Paul Rudd, Kate Mara, Jack Dylan Grazer, Rick Worthy","J.D. Lifshitz, Raphael Margules",2000000,16979301,3.5787,6.385,265,[]
6068,Six Days Seven Nights,1998-06-12,"Comedy, Action, Adventure, Romance",Ivan Reitman,"Anne Heche, Harrison Ford, David Schwimmer, Jacqueline Obradors, Temuera Morrison","Roger Birnbaum, Ivan Reitman",70000000,164839294,3.7062,6.097,1595,[]
164558,One Direction: This Is Us,2013-08-20,"Documentary, Music",Morgan Spurlock,"Harry Styles, Zayn Malik, Niall Horan, Louis Tomlinson, Liam Payne","Ted Kenney, Erin Glass",10000000,68500000,1.5392,8.237,1060,[]
5851,Showtime,2002-03-14,"Action, Comedy",Tom Dey,"Robert De Niro, Eddie Murphy, Rene Russo, William Shatner, Nestor Serrano","Jane Rosenthal, Channing Dungey",85000000,77885672,2.3121,5.548,1060,[]
630004,The Vault,2021-03-04,"Drama, Action, Thriller",Jaume Balagueró,"Freddie Highmore, Àstrid Bergès-Frisbey, Jose Coronado, Liam Cunningham, Sam Riley","Francisco Sánchez Ortiz, Freddie Highmore",15000000,8804000,2.8096,6.805,1059,[]
13155,Return to Oz,1985-06-21,"Adventure, Family, Fantasy",Walter Murch,"Fairuza Balk, Nicol Williamson, Jean Marsh, Piper Laurie, Matt Clark",Paul Maslansky,25000000,11137801,2.3986,6.714,1059,[]
209274,Ida,2013-10-25,Drama,Paweł Pawlikowski,"Agata Trzebuchowska, Agata Kulesza, Dawid Ogrodnik, Jerzy Trela, Adam Szyszkowski","Ewa Puszczyńska, Eric Abraham",1000000,15298355,1.5086,7.22,1057,[]
10952,New Jack City,1991-03-08,"Thriller, Crime, Drama",Mario Van Peebles,"Wesley Snipes, Ice-T, Allen Payne, Chris Rock, Mario Van Peebles","Doug McHenry, George Jackson",8500000,47624253,3.234,6.65,583,[]
9994,The Great Mouse Detective,1986-07-02,"Animation, Family, Mystery, Crime, Adventure",Ron Clements,"Barrie Ingham, Vincent Price, Val Bettin, Susanne Pollatschek, Candy Candido","Burny Mattinson, Ron Miller",14000000,38600000,3.4074,7.048,1785,[]
399796,Life of the Party,2018-05-10,Comedy,Ben Falcone,"Melissa McCarthy, Matt Walsh, Molly Gordon, Gillian Jacobs, Luke Benward","Ben Falcone, Melissa McCarthy",30000000,61700416,4.5283,6.096,1048,[]
488,The African Queen,1952-01-07,"Romance, Adventure, Drama",John Huston,"Humphrey Bogart, Katharine Hepburn, Robert Morley, Peter Bull, Theodore Bikel","Sam Spiegel, John Woolf",1000000,10750000,2.0721,7.365,1047,[]
20856,Aliens in the Attic,2009-07-30,"Adventure, Comedy, Family, Fantasy, Science Fiction",John Schultz,"Carter Jenkins, Austin Butler, Ashley French, Ashley Boettcher, Robert Hoffman",Barry Josephson,45000000,57881056,2.1231,5.698,1046,[]
3525,Working Girl,1988-12-20,"Comedy, Romance, Drama",Mike Nichols,"Melanie Griffith, Harrison Ford, Sigourney Weaver, Alec Baldwin, Joan Cusack",Douglas Wick,28000000,103173635,3.4472,6.6,1044,[]
1259,Notes on a Scandal,2006-12-25,"Drama, Romance",Richard Eyre,"Judi Dench, Cate Blanchett, Bill Nighy, Andrew Simpson, Phil Davis","Robert Fox, Scott Rudin",15000000,49814392,2.8313,7.09,978,[]
154,Star Trek II: The Wrath of Khan,1982-06-04,"Action, Adventure, Science Fiction, Thriller",Nicholas Meyer,"William Shatner, Leonard Nimoy, Ricardo Montalban, DeForest Kelley, James Doohan",Robert Sallin,12000000,96594943,3.3184,7.446,2107,[]
666,Central Station,1998-04-03,Drama,Walter Salles,"Fernanda Montenegro, Vinícius de Oliveira, Marília Pêra, Othon Bastos, Otávio Augusto","Paulo Carlos De Brito, Jack Gajos",2900000,5596708,2.3759,8.134,1039,[]
536869,Cats,2019-12-19,"Fantasy, Comedy, Drama",Tom Hooper,"Francesca Hayward, Judi Dench, Idris Elba, Jason Derulo, Jennifer Hudson","Tim Bevan, Debra Hayward",95000000,77276321,3.6168,4.1,1038,[]
41411,The Round Up,2010-03-10,"Drama, History, War",Roselyne Bosch,"Jean Reno, Mélanie Laurent, Gad Elmaleh, Raphaëlle Agogué, Sylvie Testud",Alain Goldman,20000000,25346148,2.2979,7.532,1037,[]
932086,Horizon: An American Saga - Chapter 1,2024-06-26,"Western, Drama",Kevin Costner,"Kevin Costner, Sienna Miller, Sam Worthington, Jena Malone, Abbey Lee","Kevin Costner, Howard Kaplan",50000000,38735702,3.2615,6.814,640,[]
35854,Flash Point,2007-07-26,Action,Wilson Yip,"Donnie Yen, Louis Koo, Collin Chou, Ray Lui, Fan Bingbing","Donnie Yen, Shi Nansun",8000000,6177725,3.8518,6.9,366,[]
79224,War of the Arrows,2011-08-10,"Drama, Action, History",Kim Han-min,"Park Hae-il, Moon Chae-won, Kim Moo-yul, Ryu Seung-ryong, Park Ki-woong","Billy Acumen, Kim Seong-hwan",8000000,49000000,3.0082,7.204,284,[]
9904,The Wild,2006-04-06,"Family, Animation, Adventure, Action, Comedy",Steve Williams,"Kiefer Sutherland, Jim Belushi, Eddie Izzard, Janeane Garofalo, William Shatner","Beau Flynn, Clint Goldman",80000000,102338515,3.5248,5.537,1122,[]
36576,Curse of the Pink Panther,1983-08-12,"Comedy, Crime, Mystery",Blake Edwards,"David Niven, Robert Wagner, Herbert Lom, Joanna Lumley, Capucine",Blake Edwards,11000000,4491986,3.1974,4.6,195,[]
10803,Logan's Run,1976-06-23,"Action, Science Fiction",Michael Anderson,"Michael York, Richard Jordan, Jenny Agutter, Roscoe Lee Browne, Farrah Fawcett",Saul David,9000000,25000000,3.0051,6.6,1026,[]
92591,Bernie,2012-04-27,"Comedy, Crime, Drama",Richard Linklater,"Jack Black, Shirley MacLaine, Matthew McConaughey, Brady Coleman, Richard Robichaux","Celine Rattray, Dete Meserve",5000000,9206470,1.8548,6.6,1024,[]
788929,Lamb,2021-08-12,"Drama, Fantasy, Horror",Valdimar Jóhannsson,"Noomi Rapace, Hilmir Snær Guðnason, Björn Hlynur Haraldsson, Ingvar E. Sigurðsson, Ester Bibi","Klaudia Śmieja-Rostworowska, Jan Naszewski",5000000,3200000,2.5997,6.427,1022,[]
157847,Joe,2014-04-11,Drama,David Gordon Green,"Nicolas Cage, Tye Sheridan, Ronnie Gene Blevins, Sue Rock, Heather Kafka","Derrick Tseng, Lisa Muskat",4000000,2431443,1.5715,6.528,1022,[]
522212,Just Mercy,2019-12-25,"Drama, Crime, History",Destin Daniel Cretton,"Michael B. Jordan, Brie Larson, Jamie Foxx, O'Shea Jackson Jr., Rafe Spall","Michael B. Jordan, Gil Netter",25000000,50401502,3.0102,7.855,2468,[]
287948,The Transporter Refueled,2015-09-02,"Action, Thriller, Crime",Camille Delamarre,"Ed Skrein, Ray Stevenson, Loan Chabanol, Gabriella Wright, Tatiana Pajković","Mark Gao, Luc Besson",25000000,72629670,2.8119,5.518,1587,[]
74387,Goon,2012-01-06,"Comedy, Drama",Michael Dowse,"Seann William Scott, Marc-André Grondin, Alison Pill, Jay Baruchel, Liev Schreiber","David Gross, Ian Dimerman",12000000,6985158,2.7513,6.422,1011,[]
3512,Under Siege 2: Dark Territory,1995-07-13,"Action, Thriller",Geoff Murphy,"Steven Seagal, Eric Bogosian, Katherine Heigl, Morris Chestnut, Everett McGill","Steve Perry, Arnon Milchan",60000000,104324083,3.126,5.851,1003,[]
11453,Deuce Bigalow: European Gigolo,2005-08-12,Comedy,Mike Bigelow,"Rob Schneider, Eddie Griffin, Jeroen Krabbé, Til Schweiger, Douglas Sills","Jack Giarraputo, Adam Sandler",22000000,45109561,2.891,5.292,1001,[]
10086,Man Bites Dog,1992-08-20,"Comedy, Crime",Rémy Belvaux,"Benoît Poelvoorde, Rémy Belvaux, André Bonzel, Jacqueline Poelvoorde-Pappaert, Valérie Parent","Rémy Belvaux, André Bonzel",33000,205569,2.0276,7.223,1001,[]
11087,The Hand That Rocks the Cradle,1992-01-10,"Drama, Thriller",Curtis Hanson,"Annabella Sciorra, Rebecca De Mornay, Matt McCoy, Ernie Hudson, Madeline Zima",David Madden,11700000,88036683,2.3229,6.882,996,[]
10395,Wolf,1994-06-17,"Horror, Drama, Romance",Mike Nichols,"Jack Nicholson, Michelle Pfeiffer, James Spader, Kate Nelligan, Richard Jenkins",Douglas Wick,70000000,131002597,3.4014,6.13,996,[]
17360,Escape to Victory,1981-06-17,"Drama, War",John Huston,"Sylvester Stallone, Michael Caine, Max von Sydow, Pelé, Carole Laure",Freddie Fields,10000000,27453418,2.3385,6.89,987,[]
200505,Draft Day,2014-04-11,Drama,Ivan Reitman,"Kevin Costner, Jennifer Garner, Denis Leary, Chadwick Boseman, Frank Langella","Ivan Reitman, Gigi Pritzker",25000000,28831145,2.0669,6.706,987,[]
10142,Casualties of War,1989-08-18,"Drama, History, War",Brian De Palma,"Michael J. Fox, Sean Penn, Don Harvey, John C. Reilly, John Leguizamo",Art Linson,22500000,18671317,2.4035,7.142,988,[]
530,A Grand Day Out,1990-05-18,"Family, Animation, Comedy, Science Fiction, Adventure",Nick Park,Peter Sallis,Rob Copeland,17300,40118,1.9472,7.5,987,[]
49950,The Roommate,2011-02-04,"Thriller, Drama, Horror",Christian E. Christiansen,"Leighton Meester, Minka Kelly, Cam Gigandet, Aly Michalka, Danneel Ackles","Doug Davison, Roy Lee",16000000,52545707,3.417,5.381,986,[]
403,Driving Miss Daisy,1989-12-13,Drama,Bruce Beresford,"Morgan Freeman, Jessica Tandy, Dan Aykroyd, Patti LuPone, Esther Rolle","Robert Doudell, Alfred Uhry",7500000,145793296,3.3509,7.236,1762,[]
11231,The Next Karate Kid,1994-07-18,"Action, Drama, Family, Adventure",Christopher Cain,"Pat Morita, Hilary Swank, Michael Ironside, Constance Towers, Chris Conrad",Jerry Weintraub,12000000,15876353,2.941,5.407,1145,[]
11891,Kung Pow: Enter the Fist,2002-01-25,"Comedy, Action",Steve Oedekerk,"Steve Oedekerk, Lung Fei, Leo Lee, Hsieh Ling-ling, Lau Kar-Wing","Tom Koranda, Steve Oedekerk",10000000,17000000,2.8313,6.403,735,[]
458737,First Reformed,2018-05-18,Drama,Paul Schrader,"Ethan Hawke, Amanda Seyfried, Cedric the Entertainer, Victoria Hill, Philip Ettinger","Frank Murray, Greg Clark",3500000,3988612,2.9733,7.0,1447,[]
4958,The Legend of Bagger Vance,2000-11-02,"Drama, Romance, Fantasy",Robert Redford,"Matt Damon, Will Smith, Charlize Theron, Bruce McGill, Joel Gretsch","Joseph P. Reidy, Chris Brigham",80000000,39459427,2.865,6.599,979,[]
11450,Quiz Show,1994-08-25,"History, Drama",Robert Redford,"John Turturro, Rob Morrow, Ralph Fiennes, Paul Scofield, David Paymer","Michael Jacobs, Julian Krainin",31000000,24822619,1.9641,7.3,977,[]
9663,Starman,1984-12-13,"Science Fiction, Romance, Drama",John Carpenter,"Jeff Bridges, Karen Allen, Charles Martin Smith, Richard Jaeckel, Robert Phalen",Larry Franco,22000000,28744356,2.1276,6.927,976,[]
587496,The Rental,2020-07-23,"Horror, Thriller",Dave Franco,"Dan Stevens, Alison Brie, Sheila Vand, Jeremy Allen White, Toby Huss","Christopher Storer, Ben Stillman",3500000,4311042,2.2861,5.55,977,[]
69798,The Inbetweeners Movie,2011-08-19,Comedy,Ben Palmer,"Simon Bird, James Buckley, Blake Harrison, Joe Thomas, Emily Head","Tarik Freitekh, Rhianna Andrews",4500000,88823111,1.5546,6.2,975,[]
38955,Supercop 2,1993-10-21,"Action, Crime, Thriller, Comedy",Stanley Tong Gwai-Lai,"Michelle Yeoh, Yu Rongguang, Emil Chau, Louis Fan Siu-Wong, Athena Chu Yan","So Hau-Leung, Barbie Tung Wan-Si",1000000,1207130,3.6417,5.7,99,[]
793058,Hi-Five,2025-05-30,"Action, Adventure, Comedy, Fantasy",Kang Hyoung-chul,"Lee Jae-in, Ahn Jae-hong, Yoo Ah-in, Ra Mi-ran, Kim Hie-won","Lee An-na, Yoo Sung-kwon",14450000,14125640,3.6659,7.0,51,[]
13576,This Is It,2009-10-28,"Music, Documentary",Kenny Ortega,"Michael Jackson, Orianthi, Kenny Ortega, Dorian Holley, Patrick Woodroffe","Paul Gongaware, John Meglen",60000000,261200000,2.3083,7.2,969,[]
10653,The Seven Year Itch,1955-06-03,"Comedy, Romance",Billy Wilder,"Marilyn Monroe, Tom Ewell, Evelyn Keyes, Sonny Tufts, Robert Strauss","Billy Wilder, Charles K. Feldman",1800000,12000000,2.6647,7.052,969,[]
11236,The Secret Garden,1993-08-13,"Drama, Family, Fantasy",Agnieszka Holland,"Kate Maberly, Heydon Prowse, Andrew Knott, Maggie Smith, Irène Jacob","Fred Fuchs, Tom Luddy",18000000,40000000,2.6518,7.4,967,[]
11546,Police Academy: Mission to Moscow,1994-06-09,"Comedy, Crime",Alan Metter,"George Gaynes, Michael Winslow, David Graf, Leslie Easterbrook, G.W. Bailey","Paul Maslansky, Leonid Vereshchagin",10000000,126247,2.0182,4.59,968,[]
10326,Forever Young,1992-12-16,"Adventure, Fantasy, Drama, Science Fiction, Romance",Steve Miner,"Mel Gibson, Jamie Lee Curtis, Elijah Wood, Isabel Glasser, George Wendt",Bruce Davey,20000000,128000000,1.7462,6.5,956,[]
9549,The Right Stuff,1983-10-20,"Drama, History, Adventure",Philip Kaufman,"Sam Shepard, Scott Glenn, Ed Harris, Dennis Quaid, Fred Ward","Irwin Winkler, Robert Chartoff",27000000,21500000,3.1734,7.408,955,[]
2275,The General's Daughter,1999-06-18,"Thriller, Mystery, Crime",Simon West,"John Travolta, Madeleine Stowe, James Cromwell, Timothy Hutton, Leslie Stefanson",Mace Neufeld,60000000,149700000,2.7541,6.415,1014,[]
1051,The French Connection,1971-10-09,"Action, Crime, Thriller",William Friedkin,"Gene Hackman, Roy Scheider, Fernando Rey, Tony Lo Bianco, Marcel Bozzuffi",Philip D'Antoni,1800000,41200000,2.9218,7.501,2103,[]
244088,Human Capital,2013-12-03,Drama,Paolo Virzì,"Valeria Bruni Tedeschi, Fabrizio Bentivoglio, Valeria Golino, Fabrizio Gifuni, Luigi Lo Cascio","Fabrizio Donvito, Benedetto Habib",6000000,5809330,0.7466,7.445,946,[]
11562,Crimes and Misdemeanors,1989-10-13,"Comedy, Drama, Crime",Woody Allen,"Woody Allen, Martin Landau, Mia Farrow, Alan Alda, Anjelica Huston",Robert Greenhut,19000000,18254702,1.9192,7.421,945,[]
325844,Serial Teachers 2,2015-07-01,Comedy,Pierre-François Martin-Laval,"Kev Adams, Isabelle Nanty, Didier Bourdon, Pierre-François Martin-Laval, Arnaud Ducret","Romain Rojtman, Nadia Khamlichi",17000000,25364150,0.8886,5.296,946,[]
7859,Half Nelson,2006-08-11,Drama,Ryan Fleck,"Ryan Gosling, Shareeka Epps, Anthony Mackie, Jeff Lima, Monique Gabriela Curnen","Lynette Howell Taylor, Rosanne Korenberg",700000,4911725,1.5543,6.638,944,[]
11009,Saturday Night Fever,1977-12-16,Drama,John Badham,"John Travolta, Karen Lynn Gorney, Barry Miller, Joseph Cali, Paul Pape",Robert Stigwood,3500000,237113184,3.0485,6.7,2058,[]
17379,Last Holiday,2006-01-13,"Adventure, Comedy, Drama",Wayne Wang,"Queen Latifah, LL Cool J, Timothy Hutton, Giancarlo Esposito, Alicia Witt","Laurence Mark, Jack Rapke",45000000,38399961,2.9669,7.255,854,[]
11024,Scooby-Doo 2: Monsters Unleashed,2004-03-24,"Mystery, Adventure, Comedy",Raja Gosnell,"Freddie Prinze Jr., Sarah Michelle Gellar, Matthew Lillard, Linda Cardellini, Neil Fanning","Charles Roven, Richard Suckle",80000000,181466833,3.2202,6.09,2891,[]
81870,Flying Swords of Dragon Gate,2011-12-15,"Action, Adventure, Drama",Tsui Hark,"Jet Li, Zhou Xun, Chen Kun, Gwei Lun-mei, Chris Lee Yuchun","Shi Nansun, Jeffrey Chan Wing-Hung",35000000,127709,3.1145,6.2,238,[]
10787,The Invisible Man,1933-10-31,"Horror, Science Fiction",James Whale,"Claude Rains, Gloria Stuart, William Harrigan, Henry Travers, Una O'Connor",Carl Laemmle Jr.,328000,27105,2.6326,7.5,936,[]
11353,Bowfinger,1999-08-12,Comedy,Frank Oz,"Steve Martin, Eddie Murphy, Heather Graham, Christine Baranski, Jamie Kennedy",Brian Grazer,55000000,98625775,2.0334,6.2,935,[]
88273,A Royal Affair,2012-03-29,"Drama, History, Romance",Nikolaj Arcel,"Alicia Vikander, Mads Mikkelsen, Mikkel Boe Følsgaard, Trine Dyrholm, David Dencik","Sisse Graum Jørgensen, Louise Vesth",8000000,14800000,1.5668,7.351,935,[]
197950,The Connection,2014-12-03,"Thriller, Crime, Action",Cédric Jimenez,"Jean Dujardin, Gilles Lellouche, Céline Sallette, Mélanie Doutey, Benoît Magimel",Alain Goldman,26000000,12062441,1.9733,7.126,934,[]
426563,Holmes & Watson,2018-12-25,"Comedy, Mystery, Crime",Etan Cohen,"Will Ferrell, John C. Reilly, Rebecca Hall, Kelly Macdonald, Rob Brydon","Will Ferrell, Adam McKay",42000000,40500000,2.4927,4.307,924,[]
25195,Leap Year,2010-01-08,"Romance, Comedy",Anand Tucker,"Amy Adams, Matthew Goode, Adam Scott, John Lithgow, Noel O'Donovan","Gary Barber, Chris Bender",19000000,32686500,3.0817,6.894,2141,[]
397415,Vengeance: A Love Story,2017-03-16,"Action, Drama, Thriller",Johnny Martin,"Nicolas Cage, Anna Hutchison, Talitha Eliana Bateman, Deborah Kara Unger, Don Johnson","Nicolas Cage, Michael Mendelsohn",28000000,14940116,3.1324,5.566,334,[]
75629,Evangelion: 3.0 You Can (Not) Redo,2012-11-17,"Animation, Science Fiction, Action, Drama",Hideaki Anno,"Megumi Ogata, Yuko Miyamura, Akira Ishida, Megumi Hayashibara, Maaya Sakamoto",,13000000,67282623,3.6515,7.196,918,[]
10837,DuckTales: The Movie - Treasure of the Lost Lamp,1990-08-03,"Adventure, Animation, Family, Comedy, Fantasy",Bob Hathcock,"Alan Young, Terence McGovern, Russi Taylor, Richard Libertini, Christopher Lloyd",Bob Hathcock,20000000,18115724,1.7236,6.7,918,[]
10362,Two Lovers,2008-11-19,"Drama, Romance",James Gray,"Joaquin Phoenix, Gwyneth Paltrow, Vinessa Shaw, Isabella Rossellini, Moni Moshonov","Donna Gigliotti, James Gray",9800000,16303643,2.1872,6.865,916,[]
6552,Idle Hands,1999-04-30,"Comedy, Horror, Fantasy, Romance",Rodman Flender,"Devon Sawa, Seth Green, Elden Henson, Jessica Alba, Vivica A. Fox","Suzanne Todd, Andrew Licht",25000000,4152230,2.9391,6.181,731,[]
239563,St. Vincent,2014-10-09,Comedy,Theodore Melfi,"Bill Murray, Melissa McCarthy, Jaeden Martell, Naomi Watts, Chris O'Dowd","Peter Chernin, Theodore Melfi",13000000,54837234,3.2853,7.113,2040,[]
1687,Escape from the Planet of the Apes,1971-05-20,"Action, Science Fiction",Don Taylor,"Roddy McDowall, Kim Hunter, Bradford Dillman, Natalie Trundy, Eric Braeden",Arthur P. Jacobs,2500000,12348905,3.0701,6.4,1205,[]
9051,10,1979-10-05,"Comedy, Romance",Blake Edwards,"Dudley Moore, Julie Andrews, Bo Derek, Robert Webber, Dee Wallace","Blake Edwards, Tony Adams",7000000,107000000,3.433,5.7,299,[]
15189,Hotel for Dogs,2009-01-16,"Comedy, Family",Thor Freudenthal,"Emma Roberts, Jake T. Austin, Don Cheadle, Johnny Simmons, Kyla Pratt","Ewan Leslie, Lauren Shuler Donner",35000000,117000198,2.8044,6.051,908,[]
115348,Paranoia,2013-08-14,"Drama, Thriller",Robert Luketic,"Liam Hemsworth, Harrison Ford, Gary Oldman, Amber Heard, Josh Holloway","Scott Lambert, William D. Johnson",35000000,17056265,2.3049,5.728,905,[]
357940,Mr. Six,2015-12-18,"Crime, Action, Drama",Guan Hu,"Feng Xiaogang, Xu Qing, Zhang Hanyu, Kris Wu, Li Yifeng","Xiao Fei, Wang Zhonglei",250000,139191345,2.9837,6.817,172,[]
11470,Jason X,2001-11-09,"Horror, Science Fiction",James Isaac,"Kane Hodder, Jeff Geddis, Lexa Doig, David Cronenberg, Markus Parilo",Noel Cunningham,11000000,17077882,2.945,4.8,1491,[]
10866,Joy Ride,2001-10-05,"Mystery, Thriller, Drama",John Dahl,"Steve Zahn, Paul Walker, Leelee Sobieski, Jessica Bowman, Stuart Stone","J.J. Abrams, Chris Moore",23000000,36642838,2.5755,6.535,1327,[]
656663,Jackass Forever,2022-02-01,"Action, Comedy, Documentary",Jeff Tremaine,"Johnny Knoxville, Steve-O, Chris Pontius, Dave England, Jason 'Wee Man' Acuña","Jeff Tremaine, Spike Jonze",10000000,80340218,2.3993,6.799,896,[]
83770,On the Road,2012-05-22,"Adventure, Drama",Walter Salles,"Garrett Hedlund, Sam Riley, Kristen Stewart, Amy Adams, Tom Sturridge","Charles Gillibert, Nathanaël Karmitz",25000000,8784318,2.4427,5.614,896,[]
10276,What About Bob?,1991-05-17,Comedy,Frank Oz,"Bill Murray, Richard Dreyfuss, Julie Hagerty, Charlie Korsmo, Kathryn Erbe",Laura Ziskin,35000000,63710000,1.6173,6.9,892,[]
8069,Barbarella,1968-10-10,"Science Fiction, Adventure, Comedy",Roger Vadim,"Jane Fonda, John Phillip Law, Anita Pallenberg, Marcel Marceau, Claude Dauphin",Dino De Laurentiis,9000000,2500000,3.2231,5.982,821,[]
441130,Wolfwalkers,2020-10-26,"Animation, Family, Adventure, Fantasy",Tomm Moore,"Honor Kneafsey, Eva Whittaker, Sean Bean, Simon McBurney, Tommy Tiernan","Tomm Moore, Nora Twomey",12000000,1310720,5.4308,8.197,1356,[]
38543,Ironclad,2011-03-03,"Romance, Adventure, Action, History",Jonathan English,"James Purefoy, Kate Mara, Jason Flemyng, Paul Giamatti, Brian Cox","Rick Benattar, Andrew J. Curtis",25000000,5151023,3.2015,6.147,792,[]
364116,The Other Side of the Door,2016-02-25,"Horror, Thriller",Johannes Roberts,"Sarah Wayne Callies, Jeremy Sisto, Sofia Rosinsky, Logan Creran, Jax Malcolm","Alexandre Aja, Rory Aitken",5000000,14332467,1.5497,5.559,887,[]
11462,Suspicion,1941-11-14,"Mystery, Romance, Thriller",Alfred Hitchcock,"Cary Grant, Joan Fontaine, Cedric Hardwicke, Nigel Bruce, May Whitty",Harry E. Edington,1103000,4500000,2.1789,7.126,886,[]
784651,Fighter,2024-01-24,"Action, Drama",Siddharth Anand,"Hrithik Roshan, Deepika Padukone, Anil Kapoor, Karan Singh Grover, Sanjeeda Sheikh","Ramon Chibb, Ajit Andhare",30069500,43160558,3.6886,6.141,156,[]
22164,Blood and Bone,2009-02-07,"Action, Crime, Thriller, Drama",Ben Ramsey,"Michael Jai White, Eamonn Walker, Michelle Belegrin, Nona Gaye, Dante Basco","Matthew Binns, Michael Mailer",3700000,3492,4.4422,7.3,875,[]
11020,Picnic at Hanging Rock,1975-09-02,"Drama, Mystery",Peter Weir,"Rachel Roberts, Vivean Gray, Helen Morse, Kirsty Child, Tony Llewellyn-Jones","Hal McElroy, Jim McElroy",460000,5125000,1.6667,7.2,875,[]
2757,Adaptation.,2002-12-06,"Comedy, Crime, Drama",Spike Jonze,"Nicolas Cage, Meryl Streep, Chris Cooper, Tilda Swinton, Jay Tavare","Vincent Landay, Edward Saxon",19000000,32800000,3.1354,7.34,2749,[]
198277,Begin Again,2014-06-27,"Comedy, Music, Romance, Drama",John Carney,"Mark Ruffalo, Keira Knightley, Adam Levine, Hailee Steinfeld, Catherine Keener","Tobin Armbrust, Anthony Bregman",8000000,63500000,2.7115,7.2,3980,[]
16558,Duplicity,2009-03-18,"Romance, Comedy, Crime",Tony Gilroy,"Julia Roberts, Clive Owen, Tom Wilkinson, Paul Giamatti, Tom McCarthy","Laura Bickford, Jennifer Fox",60000000,78176181,2.3674,5.913,864,[]
11560,High Crimes,2002-04-05,"Drama, Mystery, Thriller, Crime",Carl Franklin,"Ashley Judd, Morgan Freeman, Jim Caviezel, Amanda Peet, Adam Scott","Jesse Beaton, Arnon Milchan",42000000,63781810,2.7023,6.3,863,[]
1997,Two Brothers,2004-04-07,"Adventure, Drama, Family",Jean-Jacques Annaud,"Guy Pearce, Jean-Claude Dreyfus, Freddie Highmore, Philippine Leroy-Beaulieu, Moussa Maaskri","Jean-Jacques Annaud, Jake Eberts",74500000,62172050,1.6796,7.077,861,[]
8976,A Lot Like Love,2005-04-21,"Comedy, Drama, Romance",Nigel Cole,"Ashton Kutcher, Amanda Peet, Kathryn Hahn, Kal Penn, Ali Larter","Armyan Bernstein, Kevin J. Messick",30000000,42886719,2.99,6.8,1355,[]
11804,White Noise,2005-01-07,"Drama, Horror, Thriller",Geoffrey Sax,"Michael Keaton, Deborah Kara Unger, Chandra West, Ian McNeice, Sarah Strange","Paul Brooks, Shawn Williamson",10000000,91196419,1.4496,5.6,859,[]
77117,Sunny,2011-05-04,"Drama, Comedy",Kang Hyoung-chul,"Yoo Ho-jeong, Shim Eun-kyung, Jin Hee-kyung, Kang So-ra, Koh Soo-hee","Lee An-na, Ahn Byeong-ki",3550000,48000000,2.9957,7.839,189,[]
11184,Kinsey,2004-09-04,Drama,Bill Condon,"Liam Neeson, Laura Linney, Chris O'Donnell, Peter Sarsgaard, Timothy Hutton",Gail Mutrux,11000000,17050017,2.9706,6.6,511,[]
30020,Taste of Cherry,1997-09-28,Drama,Abbas Kiarostami,"Homayoun Ershadi, Abdolrahman Bagheri, Safar Ali Moradi, Mir Hossein Noori, Elham Imani","Abbas Kiarostami, Alain Depardieu",120000,10923,3.3432,7.684,697,[]
12498,Sling Blade,1996-08-30,Drama,Billy Bob Thornton,"Billy Bob Thornton, Dwight Yoakam, J.T. Walsh, John Ritter, Lucas Black","David L. Bushell, Brandon Rosser",1200000,34100000,2.2608,7.544,853,[]
11983,Proof of Life,2000-12-08,"Thriller, Action, Drama",Taylor Hackford,"Meg Ryan, Russell Crowe, David Morse, Pamela Reed, David Caruso","Taylor Hackford, Charles Mulvehill",65000000,62761005,2.4918,6.13,853,[]
11517,Money Train,1995-11-21,"Action, Comedy, Crime",Joseph Ruben,"Wesley Snipes, Woody Harrelson, Jennifer Lopez, Robert Blake, Chris Cooper","Jon Peters, Neil Canton",68000000,77224232,2.714,5.856,852,[]
87499,The East,2013-05-31,"Drama, Thriller",Zal Batmanglij,"Brit Marling, Alexander Skarsgård, Elliot Page, Toby Kebbell, Shiloh Fernandez","Ridley Scott, Michael Costigan",6500000,2401510,2.0804,6.552,850,[]
660360,Noryang: Deadly Sea,2023-12-20,"War, Action, History, Drama",Kim Han-min,"Kim Yun-seok, Baek Yoon-sik, Jung Jae-young, Huh Joon-ho, Kim Sung-kyu","Lee Dae-hee, Lee Na-ra",40000000,34210966,3.1366,6.3,158,[]
399366,Marrowbone,2017-10-27,"Thriller, Horror, Mystery",Sergio G. Sánchez,"George MacKay, Anya Taylor-Joy, Charlie Heaton, Mia Goth, Matthew Stagg","Álvaro Augustín, Ghislain Barrois",8000000,12294931,2.9581,7.284,1807,[]
4518,Elizabeth,1998-09-13,"Drama, History",Shekhar Kapur,"Cate Blanchett, Joseph Fiennes, Geoffrey Rush, Christopher Eccleston, John Gielgud","Alison Owen, Eric Fellner",30000000,82150642,2.8671,7.168,1487,[]
869291,Cuckoo,2024-02-16,"Horror, Mystery, Thriller",Tilman Singer,"Hunter Schafer, Jan Bluthardt, Marton Csokas, Dan Stevens, Jessica Henwick","Josh Rosenbaum, Ken Kao",7000000,6680396,3.3196,5.739,481,[]
9703,The Last Legion,2007-04-19,"Action, Adventure, Fantasy, War",Doug Lefler,"Colin Firth, Ben Kingsley, Aishwarya Rai Bachchan, Peter Mullan, Kevin McKidd","Tarak Ben Ammar, Raffaella De Laurentiis",67000000,25303038,2.2781,5.617,844,[]
286567,Max Steel,2016-10-14,"Action, Adventure, Science Fiction",Stewart Hendler,"Ben Winchell, Josh Brener, Ana Villafañe, Andy Garcia, Maria Bello","Julia Pistor, David Grace",10000000,6272403,1.8608,5.6,840,[]
58431,Pride and Prejudice and Zombies,2016-02-04,"Romance, Horror, Comedy, Thriller",Burr Steers,"Lily James, Sam Riley, Jack Huston, Bella Heathcote, Douglas Booth","Allison Shearmur, Annette Savitch",28000000,16457494,2.7048,6.161,2285,[]
392142,Max & Leon,2016-11-01,"Comedy, War, Adventure",Jonathan Barré,"Grégoire Ludig, David Marsais, Bernard Farcy, Dominique Pinon, Julien Pestel","Serge de Poucques, Gilles Waterkeyn",12156348,8750678,1.0531,6.298,831,[]
11569,Hellraiser III: Hell on Earth,1992-09-11,"Horror, Thriller",Anthony Hickox,"Terry Farrell, Doug Bradley, Kevin Bernhardt, Ken Carpenter, Paula Marshall",Lawrence Mortorff,5000000,12534961,1.7315,5.7,831,[]
3093,Basic Instinct 2,2006-03-29,"Crime, Mystery, Thriller",Michael Caton-Jones,"Sharon Stone, David Morrissey, Charlotte Rampling, David Thewlis, Stan Collymore","Andrew G. Vajna, Joel B. Michaels",70000000,38629478,4.0139,4.984,831,[]
8427,I Spy,2002-10-31,"Action, Adventure, Comedy, Thriller",Betty Thomas,"Eddie Murphy, Owen Wilson, Famke Janssen, Malcolm McDowell, Gary Cole","Betty Thomas, Mario Kassar",70000000,51386477,2.9197,5.413,1019,[]
18487,The Taking of Pelham 1 2 3,2009-06-10,"Crime, Thriller, Action",Tony Scott,"Denzel Washington, John Travolta, John Turturro, Luis Guzmán, James Gandolfini","Richard Baratta, Todd Black",100000000,150166126,2.6916,6.4,3364,[]
119675,Behind the Candelabra,2013-05-26,"Drama, Romance",Steven Soderbergh,"Michael Douglas, Matt Damon, Dan Aykroyd, Scott Bakula, Rob Lowe","Susan Ekins, Gregory Jacobs",23000000,15600000,1.5702,6.598,825,[]
10216,Species II,1998-04-10,"Science Fiction, Action, Horror",Peter Medak,"Michael Madsen, Natasha Henstridge, Marg Helgenberger, Mykelti Williamson, George Dzundza",Frank Mancuso Jr.,35000000,19200000,3.5293,5.163,796,[]
2114,Final Fantasy: The Spirits Within,2001-07-02,"Adventure, Action, Fantasy, Science Fiction, Animation",Hironobu Sakaguchi,"Ming-Na Wen, Donald Sutherland, Alec Baldwin, Ving Rhames, Steve Buscemi","Chris Lee, Jun Aida",137000000,85131830,2.9103,6.19,1572,[]
55292,Shaolin,2011-01-20,"Action, Drama",Benny Chan Muk-Sing,"Andy Lau, Nicholas Tse Ting-Fung, Fan Bingbing, Jackie Chan, Wu Jing",Han Sanping,29000000,33662874,3.9391,6.876,407,[]
539181,Relic,2020-07-03,"Horror, Mystery",Natalie Erika James,"Emily Mortimer, Bella Heathcote, Robyn Nevin, Chris Bunton, Steve Rodgers","Sarah Shaw, Jake Gyllenhaal",1229578,3238539,1.5806,6.101,817,[]
157544,The Vatican Tapes,2015-07-23,"Thriller, Horror",Mark Neveldine,"Olivia Taylor Dudley, Michael Peña, Peter Andersson, Djimon Hounsou, Kathleen Robertson","Chris Cowles, Gary Lucchesi",13000000,1784763,1.3491,5.354,817,[]
10069,Stay Alive,2006-03-24,"Horror, Mystery",William Brent Bell,"Jon Foster, Samaire Armstrong, Frankie Muniz, Sophia Bush, Jimmi Simpson","James D. Stern, Peter Schlessel",9000000,27105095,1.9199,5.8,816,[]
13920,Radio,2003-10-24,Drama,Michael Tollin,"Cuba Gooding Jr., Ed Harris, Alfre Woodard, S. Epatha Merkerson, Debra Winger","Herb Gains, Michael Tollin",35000000,53293628,2.895,7.304,815,[]
11302,Bananas,1971-04-28,Comedy,Woody Allen,"Woody Allen, Louise Lasser, Carlos Montalbán, Nati Abascal, Jacobo Morales","Antonio Encarnacion, Manolo Villamil",2000000,11833696,1.4615,6.686,815,[]
814889,Never Let Go,2024-09-18,Horror,Alexandre Aja,"Halle Berry, Anthony B. Jenkins, William Catlett, Percy Daggs IV, Matthew Kevin Anderson","Shawn Levy, Dan Cohen",20000000,21760713,2.8636,6.116,573,[]
10134,Cyborg,1989-04-07,"Science Fiction, Action, Thriller, Adventure",Albert Pyun,"Jean-Claude Van Damme, Deborah Richter, Vincent Klyn, Alex Daniels, Ralf Moeller","Menahem Golan, Yoram Globus",500000,10166459,2.8894,5.6,809,[]
68179,Escape from Planet Earth,2013-02-14,"Animation, Comedy, Adventure, Family, Science Fiction",Cal Brunker,"Rob Corddry, Brendan Fraser, Jessica Alba, Steve Zahn, Sarah Jessica Parker","Preston Stutzman, Jonathan Shestack",40000000,74597643,2.9816,5.755,807,[]
18079,Nine Queens,2000-08-31,"Crime, Thriller, Drama",Fabián Bielinsky,"Ricardo Darín, Gastón Pauls, Leticia Brédice, Gabo Correa, Pochi Ducasse",Pablo E. Bossi,1300000,12413888,1.8898,7.759,808,[]
13595,Airheads,1994-08-05,"Comedy, Crime, Music",Michael Lehmann,"Brendan Fraser, Steve Buscemi, Adam Sandler, Joe Mantegna, Chris Farley","Mark Burg, Robert Simonds",15000000,5751882,2.4419,6.2,807,[]
454458,UglyDolls,2019-05-01,"Animation, Music, Family, Comedy",Kelly Asbury,"Kelly Clarkson, Janelle Monáe, Blake Shelton, Wanda Sykes, Gabriel Iglesias","Robert Rodriguez, Oren Aviv",45000000,32500000,2.6047,6.6,462,[]
9622,Beverly Hills Ninja,1997-01-17,"Comedy, Action",Dennis Dugan,"Chris Farley, Nicollette Sheridan, Robin Shou, Nathaniel Parker, Chris Rock","Bradley Jenkel, Brad Krevoy",18000000,31480022,2.3149,5.6,837,[]
13121,Teeth,2008-01-18,"Comedy, Horror",Mitchell Lichtenstein,"Jess Weixler, John Hensley, Josh Pais, Hale Appleman, Lenny Von Dohlen","Mitchell Lichtenstein, Joyce Pierpoline",2000000,2340110,1.6321,5.398,802,[]
11971,Much Ado About Nothing,1993-05-07,"Drama, Comedy, Romance",Kenneth Branagh,"Emma Thompson, Kenneth Branagh, Kate Beckinsale, Denzel Washington, Michael Keaton","Stephen Evans, Kenneth Branagh",11000000,22600000,2.6143,6.94,801,[]
3040,Night Watch,2004-07-08,"Fantasy, Action, Thriller",Timur Bekmambetov,"Konstantin Khabenskiy, Vladimir Menshov, Galina Tyunina, Mariya Poroshina, Zhanna Friske","Anatoliy Maksimov, Konstantin Ernst",10000000,50336279,2.7241,6.22,801,[]
228066,Victor Frankenstein,2015-11-10,"Drama, Science Fiction, Thriller",Paul McGuigan,"James McAvoy, Daniel Radcliffe, Jessica Brown Findlay, Andrew Scott, Freddie Fox",John Davis,40000000,34200000,2.9622,5.948,2261,[]
575718,Secret Zoo,2020-01-15,"Comedy, Drama",Son Jae-gon,"Ahn Jae-hong, Kang So-ra, Park Young-kyu, Kim Seung-o, Jeon Yeo-been",Ko Dae-seok,8100000,8300000,3.0959,6.2,81,[]
744594,White Noise,2022-11-25,"Comedy, Drama",Noah Baumbach,"Adam Driver, Greta Gerwig, Don Cheadle, Raffey Cassidy, Sam Nivola","Uri Singer, David Heyman",100000000,71476,2.4167,5.582,794,[]
10956,Joe Dirt,2001-04-10,"Mystery, Adventure, Comedy, Romance, Drama",Dennie Gordon,"David Spade, Dennis Miller, Brittany Daniel, Kid Rock, Adam Beach",Robert Simonds,17700000,30987695,4.1926,5.624,795,[]
15301,Twilight Zone: The Movie,1983-06-24,"Horror, Fantasy, Science Fiction",John Landis,"Dan Aykroyd, Albert Brooks, Scatman Crothers, John Lithgow, Vic Morrow","George Miller, John Landis",10000000,29450920,2.3167,6.5,793,[]
460668,I Feel Pretty,2018-04-19,"Comedy, Romance",Abby Kohn,"Amy Schumer, Michelle Williams, Tom Hopper, Rory Scovel, Adrian Martinez","Nicolas Chartier, McG",32000000,94539426,2.5475,6.38,2109,[]
284293,Still Alice,2014-12-05,Drama,Wash Westmoreland,"Julianne Moore, Kate Bosworth, Shane McRae, Hunter Parrish, Alec Baldwin","Pamela Koffler, James Brown",5000000,44779195,2.7959,7.464,3250,[]
1245,The Remains of the Day,1993-11-05,"Drama, Romance",James Ivory,"Anthony Hopkins, Emma Thompson, James Fox, Christopher Reeve, Hugh Grant","Ismail Merchant, Mike Nichols",11500000,23240144,2.9823,7.361,1487,[]
471507,Destroyer,2018-12-25,"Thriller, Crime, Drama, Action",Karyn Kusama,"Nicole Kidman, Toby Kebbell, Tatiana Maslany, Sebastian Stan, Scoot McNairy","Fred Berger, Phil Hay",9000000,5580940,2.0756,5.902,787,[]
1153714,Death of a Unicorn,2025-03-27,"Horror, Fantasy, Comedy",Alex Scharfman,"Paul Rudd, Jenna Ortega, Will Poulter, Richard E. Grant, Téa Leoni","Lars Knudsen, Tyler Campellone",15000000,16423085,5.169,6.401,785,[]
38843,Ramona and Beezus,2010-07-23,"Comedy, Family",Elizabeth Allen Rosenbaum,"Joey King, Selena Gomez, John Corbett, Bridget Moynahan, Ginnifer Goodwin","Alison Greenspan, Denise Di Novi",15000000,27293743,1.7842,6.549,785,[]
11485,Take the Money and Run,1969-08-18,"Comedy, Crime",Woody Allen,"Woody Allen, Janet Margolin, Marcel Hillaire, Jacquelyn Hyde, Lonny Chapman","Charles H. Joffe, Jack Rollins",1530000,6080000,1.1495,7.122,785,[]
721625,Songbird,2020-12-10,"Science Fiction, Thriller",Adam Mason,"KJ Apa, Sofia Carson, Craig Robinson, Bradley Whitford, Peter Stormare","Michael Bay, Adam Goodman",2500000,1000000,2.5702,6.169,778,[]
10663,The Waterboy,1998-11-06,Comedy,Frank Coraci,"Adam Sandler, Kathy Bates, Henry Winkler, Fairuza Balk, Jerry Reed","Jack Giarraputo, Robert Simonds",23000000,185991646,3.3325,6.051,1992,[]
10489,Cujo,1983-08-10,"Horror, Thriller",Lewis Teague,"Dee Wallace, Danny Pintauro, Daniel Hugh Kelly, Christopher Stone, Ed Lauter","Robert Singer, Daniel H. Blatt",5000000,21200000,3.147,6.163,1115,[]
11888,Snow Dogs,2002-01-18,"Comedy, Family, Adventure",Brian Levant,"Cuba Gooding Jr., James Coburn, Sisqó, Nichelle Nichols, M. Emmet Walsh",Jordan Kerner,35000000,81000000,2.229,5.622,772,[]
6691,Priceless,2006-12-13,"Drama, Comedy, Romance",Pierre Salvadori,"Gad Elmaleh, Audrey Tautou, Marie-Christine Adam, Vernon Dobtcheff, Jacques Spiesser",Philippe Martinez,10000000,28041861,1.4641,6.388,772,[]
3179,Beavis and Butt-Head Do America,1996-12-20,"Animation, Comedy, Adventure, Crime, Music",Mike Judge,"Mike Judge, Bruce Willis, Demi Moore, Cloris Leachman, Robert Stack","Mike Judge, Michael Blakey",12000000,63118386,1.2674,6.7,770,[]
9667,The Jacket,2005-03-04,"Drama, Mystery, Science Fiction, Thriller, Fantasy",John Maybury,"Adrien Brody, Keira Knightley, Kris Kristofferson, Jennifer Jason Leigh, Kelly Lynch","George Clooney, Peter Guber",29000000,21733230,3.2079,6.87,1665,[]
330947,Song to Song,2017-03-17,"Romance, Drama",Terrence Malick,"Michael Fassbender, Ryan Gosling, Rooney Mara, Natalie Portman, Cate Blanchett","Ken Kao, Sarah Green",10000000,1710528,2.4698,5.5,912,[]
26388,Buried,2010-09-24,Thriller,Rodrigo Cortés,"Ryan Reynolds, José Luis García Pérez, Robert Paterson, Stephen Tobolowsky, Samantha Mathis","Adrián Guerra, Peter Safran",1987650,19152480,2.6139,6.6,3015,[]
3902,I'm Not There,2007-10-01,"Drama, Music",Todd Haynes,"Christian Bale, Cate Blanchett, Marcus Carl Franklin, Richard Gere, Heath Ledger","Christine Vachon, James D. Stern",20000000,4001121,1.7669,6.508,765,[]
10012,Cursed,2005-02-25,"Horror, Comedy",Wes Craven,"Christina Ricci, Joshua Jackson, Jesse Eisenberg, Judy Greer, Scott Baio","Marianne Maddalena, Kevin Williamson",35000000,19300000,2.9365,5.4,765,[]
6439,Racing Stripes,2005-01-06,"Comedy, Family",Frederik Du Chau,"Frankie Muniz, Hayden Panettiere, Bruce Greenwood, Mandy Moore, Wendie Malick","Broderick Johnson, Lloyd Phillips",30000000,90754475,2.7238,5.9,652,[]
105001,Iceman,2014-04-17,"Action, Adventure, Science Fiction, Comedy, Fantasy",Law Wing-Cheong,"Donnie Yen, Eva Huang Shengyi, Wang Baoqiang, Simon Yam, Yu Kang","Huang Jianxin, Christopher Sun",25477000,26033917,2.9237,5.5,216,[]
1247,The Good Shepherd,2006-12-11,"Drama, Thriller, History",Robert De Niro,"Matt Damon, Angelina Jolie, Robert De Niro, Alec Baldwin, William Hurt","Jane Rosenthal, Robert De Niro",85000000,100266865,2.7474,6.349,1275,[]
591120,The Pirates: The Last Royal Treasure,2022-01-26,"Action, Adventure, Comedy, Fantasy",Kim Joung-hoon,"Kang Ha-neul, Han Hyo-joo, Lee Kwang-soo, Kwon Sang-woo, Chae Soo-bin",Song Yong-un,19597380,10247262,3.3613,6.5,224,[]
11592,Serial Mom,1994-04-13,"Comedy, Crime",John Waters,"Kathleen Turner, Sam Waterston, Ricki Lake, Matthew Lillard, Scott Morgan","John Fiedler, Mark Tarlov",13000000,7820688,2.8269,6.724,758,[]
632617,C'mon C'mon,2021-11-19,Drama,Mike Mills,"Joaquin Phoenix, Gaby Hoffmann, Woody Norman, Scoot McNairy, Molly Webster","Chelsea Barnard, Lila Yacoub",8300000,4300000,1.8352,7.2,757,[]
1049,Sommersby,1993-02-05,"Drama, Thriller, Mystery, Romance",Jon Amiel,"Jodie Foster, Richard Gere, Bill Pullman, James Earl Jones, Lanny Flaherty","Arnon Milchan, Steven Reuther",30000000,140081992,2.3175,6.3,420,[]
2269,Day Watch,2006-01-01,"Fantasy, Action, Adventure, Horror, Thriller",Timur Bekmambetov,"Konstantin Khabenskiy, Mariya Poroshina, Vladimir Menshov, Galina Tyunina, Zhanna Friske","Konstantin Ernst, Anatoliy Maksimov",4200000,42918532,2.4758,6.118,592,[]
204436,Jack and the Cuckoo-Clock Heart,2014-01-29,"Animation, Romance, Adventure, Drama, Fantasy",Mathias Malzieu,"Mathias Malzieu, Olivia Ruiz, Grand Corps Malade, Jean Rochefort, Emily Loizeau","Jeremy Burdek, Anton Roebben",33746302,3484370,1.5763,7.215,752,[]
11431,Fever Pitch,2005-04-06,"Romance, Comedy",Peter Farrelly,"Drew Barrymore, Jimmy Fallon, Jason Spevack, Jack Kehler, Maureen Keiller","Bradley Thomas, Drew Barrymore",30000000,50500000,2.0505,6.2,751,[]
423612,Never Look Away,2018-10-03,"Drama, Romance, History",Florian Henckel von Donnersmarck,"Tom Schilling, Sebastian Koch, Paula Beer, Saskia Rosendahl, Oliver Masucci","Florian Henckel von Donnersmarck, Filip Hering",18000000,4831836,3.0214,7.745,748,[]
271714,Love & Mercy,2015-05-29,"Drama, Music, History",Bill Pohlad,"Paul Dano, John Cusack, Elizabeth Banks, Paul Giamatti, Jake Abel","John Wells, Claire Rudnick Polstein",10000000,28600000,1.4341,7.1,742,[]
11176,The Muppet Movie,1979-06-22,"Family, Comedy, Adventure",James Frawley,"Jim Henson, Frank Oz, Jerry Nelson, Richard Hunt, Dave Goelz",Jim Henson,8000000,75161953,2.9772,7.209,688,[]
1941,Exodus,1960-12-15,"Drama, War",Otto Preminger,"Paul Newman, Eva Marie Saint, Ralph Richardson, Peter Lawford, Lee J. Cobb",Otto Preminger,4000000,20000000,3.471,6.675,223,[]
93519,Karan Arjun,1995-01-13,"Action, Thriller",Rakesh Roshan,"Shah Rukh Khan, Salman Khan, Rakhee Gulzar, Kajol, Mamta Kulkarni","Rakesh Roshan, Bharat Shah",1850000,16540000,2.8157,6.7,114,[]
17082,The Sniper,2009-03-24,"Action, Thriller",Dante Lam Chiu-Yin,"Richie Jen, Edison Chen, Huang Xiaoming, Mango Wong Sau-Lam, Bowie Lam Bo-Yee","Cheung Hong-Tat, Candy Leung Fung-Ying",30000000,329945,2.7087,6.1,76,[]
434119,Confidential Assignment,2017-01-18,"Action, Drama",Kim Sung-hoon,"Hyun Bin, Yoo Hai-jin, Kim Joo-hyuk, Jang Young-nam, Lee Dong-hwi",Ju Seung-hwan,8520000,56100000,2.8337,6.9,143,[]
11208,Wicker Park,2004-09-03,"Drama, Mystery, Romance, Thriller",Paul McGuigan,"Josh Hartnett, Rose Byrne, Matthew Lillard, Diane Kruger, Christopher Cousins","Andre Lamal, Gary Lucchesi",30000000,13000000,3.297,6.813,729,[]
1159559,Scream 7,2026-02-25,"Horror, Mystery, Crime",Kevin Williamson,"Neve Campbell, Courteney Cox, Isabel May, Jasmin Savoy Brown, Mason Gooding","Paul Neinstein, William Sherak",45000000,211982103,150.4373,6.037,731,[]
8989,Harry and the Hendersons,1987-06-05,"Comedy, Family, Fantasy, Drama",William Dear,"John Lithgow, Melinda Dillon, Don Ameche, David Suchet, Margaret Langrick","William Dear, Richard Vane",10000000,49998613,1.9253,6.1,722,[]
655082,Eiffel,2021-10-07,"Romance, Drama",Martin Bourboulon,"Romain Duris, Emma Mackey, Pierre Deladonchamps, Armande Boulanger, Andranic Manet","Marie de Cenival, Geneviève Lemal",26000000,13000000,1.3495,6.2,721,[]
205601,Belle,2013-05-01,Drama,Amma Asante,"Gugu Mbatha-Raw, Tom Wilkinson, Sam Reid, Emily Watson, Sarah Gadon",Damian Jones,10900000,16500000,2.3602,7.079,721,[]
514921,The Aeronauts,2019-11-04,"Adventure, Drama, Romance",Tom Harper,"Eddie Redmayne, Felicity Jones, Tom Courtenay, Phoebe Fox, Himesh Patel","Tom Harper, Todd Lieberman",40000000,3485251,3.171,6.801,1188,[]
10344,The Fly II,1989-02-10,"Horror, Science Fiction",Chris Walas,"Eric Stoltz, Daphne Zuniga, Lee Richardson, John Getz, Frank C. Turner","Steven-Charles Jaffe, Mel Brooks",16500000,38900000,2.3524,5.7,716,[]
1786,Au Revoir les Enfants,1987-10-07,"Drama, War",Louis Malle,"Gaspard Manesse, Raphael Fejtö, Francine Racette, Stanislas Carré de Malberg, Philippe Morier-Genoud",Louis Malle,3000000,4542825,2.3037,7.518,716,[]
1792,Stuck on You,2003-12-10,Comedy,Bobby Farrelly,"Matt Damon, Greg Kinnear, Eva Mendes, Wen Yann Shih, Pat Crawford Brown","Peter Farrelly, Bradley Thomas",55000000,65784503,2.1354,5.352,711,[]
227700,Anna,2013-10-13,"Thriller, Drama",Jorge Dorado,"Mark Strong, Taissa Farmiga, Brian Cox, Saskia Reeves, Richard Dillane","Peter Safran, Juan Solá",4357373,1200000,1.7885,6.488,709,[]
3573,Emma,1996-08-02,"Romance, Comedy, Drama",Douglas McGrath,"Gwyneth Paltrow, Jeremy Northam, Toni Collette, Alan Cumming, Ewan McGregor","Patrick Cassavetti, Steven Haft",6000000,22231658,2.5656,6.607,663,[]
328111,The Secret Life of Pets,2016-06-18,"Family, Comedy, Adventure, Animation",Chris Renaud,"Louis C.K., Eric Stonestreet, Kevin Hart, Jenny Slate, Ellie Kemper","Chris Meledandri, Janet Healy",75000000,875457937,2.5305,6.316,8465,[]
2652,Hard Candy,2005-01-14,"Drama, Thriller",David Slade,"Elliot Page, Patrick Wilson, Sandra Oh, Odessa Rae, G.J. Echternkamp","Michael Caldwell, David Higgins",950000,7000000,2.2125,6.8,2755,[]
36278,Top Dog,1995-04-28,"Action, Adventure, Comedy, Family, Thriller",Aaron Norris,"Chuck Norris, Michele Lamar Richards, Carmine Caridi, Clyde Kusatsu, Kai Wulff","Jackie Dagan, Don Behrns",6000000,5093707,2.5145,4.295,110,[]
842675,The Wandering Earth II,2023-01-22,"Science Fiction, Action, Adventure",Frant Gwo,"Wu Jing, Andy Lau, Li Xuejian, Sha Yi, Ning Li","Gong Geer, Li Jie",73800000,665000000,6.1427,7.3,704,[]
12919,Can't Buy Me Love,1987-08-14,"Comedy, Romance",Steve Rash,"Patrick Dempsey, Amanda Peterson, Courtney Gains, Tina Caspary, Seth Green",Thom Mount,1800000,31623833,5.5627,6.895,704,[]
27429,Shivers,1975-05-16,"Horror, Science Fiction",David Cronenberg,"Paul Hampton, Joe Silver, Lynn Lowry, Allan Kolman, Susan Petrie",Ivan Reitman,179000,1000000,1.9856,6.38,703,[]
4379,Monster-in-Law,2005-05-13,"Romance, Comedy",Robert Luketic,"Jennifer Lopez, Jane Fonda, Michael Vartan, Wanda Sykes, Adam Scott","Chris Bender, Paula Weinstein",43000000,154749918,2.3027,6.212,1739,[]
10762,Without a Paddle,2004-08-20,"Comedy, Action, Adventure, Mystery",Steven Brill,"Seth Green, Matthew Lillard, Dax Shepard, Ethan Suplee, Abraham Benrubi",Donald De Line,19000000,69600000,1.7224,5.627,702,[]
7863,Shine,1996-08-15,Drama,Scott Hicks,"Geoffrey Rush, Noah Taylor, Armin Mueller-Stahl, Lynn Redgrave, Googie Withers",Jane Scott,5500000,35892330,2.0624,7.4,699,[]
11472,Nine Months,1995-07-12,"Romance, Comedy",Chris Columbus,"Hugh Grant, Julianne Moore, Tom Arnold, Joan Cusack, Jeff Goldblum","Michael Barnathan, Mark Radcliffe",35000000,138500000,1.4044,5.72,699,[]
294272,Pete's Dragon,2016-08-10,"Adventure, Family, Fantasy",David Lowery,"Oakes Fegley, Bryce Dallas Howard, Wes Bentley, Karl Urban, Oona Laurence",Jim Whitaker,65000000,143695338,2.5378,6.384,2305,[]
2463,Running Out of Time,1999-09-23,"Drama, Action, Thriller, Crime",Johnnie To,"Sean Lau Ching-wan, Andy Lau, Yoyo Mung Ka-Wai, Benz Hui Siu-Hung, Lam Suet","Johnnie To, Charles Heung",225000,1866462,3.4504,7.3,169,[]
705,All About Eve,1950-11-09,Drama,Joseph L. Mankiewicz,"Bette Davis, Anne Baxter, George Sanders, Celeste Holm, Gary Merrill",Darryl F. Zanuck,1400000,8402553,2.9988,8.1,1675,[]
12138,3000 Miles to Graceland,2001-02-23,"Action, Adventure, Comedy, Crime, Thriller",Demian Lichtenstein,"Kurt Russell, Kevin Costner, Courteney Cox, Christian Slater, Kevin Pollak","Demian Lichtenstein, Elie Samaha",62000000,18720175,2.3979,5.864,693,[]
93828,Welcome to the Punch,2013-03-15,"Action, Adventure, Crime",Eran Creevy,"James McAvoy, Mark Strong, David Morrissey, Peter Mullan, Daniel Mays","Rory Aitken, Brian Kavanaugh-Jones",8500000,3900000,1.785,5.9,691,[]
17335,Obsessed,2009-02-26,"Drama, Thriller",Steve Shill,"Idris Elba, Beyoncé, Ali Larter, Jerry O'Connell, Christine Lahti","George Flynn, Mathew Knowles",20000000,73830340,2.9903,5.746,690,[]
480042,Escape Plan: The Extractors,2019-06-20,"Action, Thriller, Crime",John Herzfeld,"Sylvester Stallone, Dave Bautista, 50 Cent, Max Zhang, Harry Shum Jr.","Robbie Brenner, George Furla",3600000,1766092,2.6078,5.4,930,[]
9675,Sideways,2004-10-22,"Comedy, Drama, Romance",Alexander Payne,"Paul Giamatti, Thomas Haden Church, Virginia Madsen, Sandra Oh, Marylouise Burke",Michael London,16000000,109502303,2.4426,7.12,1865,[]
1857,The Transformers: The Movie,1986-08-08,"Animation, Science Fiction, Action, Adventure, Family",Nelson Shin,"Judd Nelson, Peter Cullen, Frank Welker, Leonard Nimoy, Orson Welles","Joe Bacal, Tom Griffin",6000000,5860601,2.5052,7.121,590,[]
16723,Sugar & Spice,2001-01-24,"Crime, Comedy, Drama",Francine McDougall,"Marley Shelton, Marla Sokoloff, Melissa George, Mena Suvari, Rachel Blanchard",Wendy Finerman,11000000,13276953,2.7981,6.396,289,[]
13497,Drumline,2002-12-13,"Drama, Romance, Comedy, Music",Charles Stone III,"Nick Cannon, Zoe Saldaña, Orlando Jones, Leonard Roberts, GQ","Wendy Finerman, Jody Gerson",20000000,57600000,2.627,6.885,557,[]
28148,Ninja III: The Domination,1984-09-14,"Action, Fantasy, Horror, Thriller",Sam Firstenberg,"Sho Kosugi, Lucinda Dickey, Jordan Bennett, David Chung, Dale Ishimoto","Menahem Golan, Yoram Globus",2000000,7610785,2.7005,6.092,141,[]
11943,Jeremiah Johnson,1972-09-10,"Adventure, Western, Drama, Action",Sydney Pollack,"Robert Redford, Will Geer, Delle Bolton, Josh Albee, Joaquín Martínez",Joe Wizan,3100000,44700000,2.213,7.3,681,[]
39691,Cats & Dogs: The Revenge of Kitty Galore,2010-07-29,"Family, Adventure, Comedy, Fantasy, Action",Brad Peyton,"James Marsden, Nick Nolte, Christina Applegate, Bette Midler, Pascale Hutton","Polly Johnsen, Andrew Lazar",85000000,112483764,2.3544,5.2,679,[]
1499,Teenage Mutant Ninja Turtles III,1993-03-17,"Action, Adventure, Comedy, Family, Fantasy, Science Fiction",Stuart Gillard,"Brian Tochi, Tim Kelleher, Corey Feldman, Robbie Rist, Paige Turco","Kim Dawson, David Chan",21000000,42273609,2.4326,5.5,901,[]
2176,The Glass House,2001-09-14,"Drama, Thriller",Daniel Sackheim,"Leelee Sobieski, Diane Lane, Stellan Skarsgård, Trevor Morgan, Chris Noth",Neal H. Moritz,30000000,23619609,2.5524,5.952,1086,[]
13944,Passengers,2008-09-26,"Drama, Mystery, Thriller, Romance",Rodrigo García,"Anne Hathaway, Patrick Wilson, Andre Braugher, Dianne Wiest, David Morse","Julie Lynn, Judd Payne",25000000,2000000,2.8099,6.1,982,[]
41201,The Illusionist,2010-06-16,"Animation, Drama",Sylvain Chomet,"Jean-Claude Donda, Eilidh Rankin, Didier Gustin, Jil Aigrot, Jacques Tati","Bob Last, Sally Chomet",18000000,6007194,1.7075,7.265,675,[]
10280,Thinner,1996-10-25,"Fantasy, Horror",Tom Holland,"Robert John Burke, Michael Constantine, Lucinda Jenney, Kari Wührer, John Horton","Richard P. Rubinstein, Mitchell Galin",8000000,15315484,3.3629,5.881,674,[]
15379,Missing in Action,1984-11-16,"Action, Adventure, Thriller, War, Drama",Joseph Zito,"Chuck Norris, M. Emmet Walsh, David Tress, Lenore Kasdorf, James Hong","Menahem Golan, Yoram Globus",2550000,22812411,2.6524,5.843,552,[]
11654,The Hunger,1983-04-29,"Horror, Drama",Tony Scott,"Catherine Deneuve, David Bowie, Susan Sarandon, Cliff DeYoung, Beth Ehlers",Richard Shepherd,10000000,10200000,2.7076,6.6,635,[]
565310,The Farewell,2019-07-12,"Comedy, Drama",Lulu Wang,"Awkwafina, Zhao Shuzhen, Hong Lu, Hong Lin, Tzi Ma","Marc Turtletaub, Lulu Wang",250300,23076657,3.1071,7.416,1528,[]
10997,Farewell My Concubine,1993-01-01,Drama,Chen Kaige,"Leslie Cheung, Zhang Fengyi, Gong Li, Lü Qi, Ying Da",Hsu Feng,4000000,6400000,5.7652,7.9,671,[]
31525,The Legend of Bhagat Singh,2002-06-07,"Crime, Drama, History",Rajkumar Santoshi,"Ajay Devgn, Amrita Rao, Sushant Singh, Akhilendra Mishra, D. Santosh","Ramesh Sadhuram Taurani, Kumar Sadhuram Taurani",3000000,6000000,1.7677,7.051,69,[]
10535,Spy Hard,1996-05-24,"Comedy, Action",Rick Friedberg,"Leslie Nielsen, Nicollette Sheridan, Charles Durning, Marcia Gay Harden, Barry Bostwick","Doug Draizin, Rick Friedberg",18000000,26960191,2.4592,5.415,753,[]
25508,Cat People,1942-12-05,"Mystery, Horror, Romance",Jacques Tourneur,"Simone Simon, Kent Smith, Tom Conway, Jane Randolph, Jack Holt",Val Lewton,134000,4000000,1.8462,6.934,665,[]
1613,The 51st State,2001-12-07,"Thriller, Action, Comedy, Crime",Ronny Yu,"Samuel L. Jackson, Robert Carlyle, Emily Mortimer, Meat Loaf, Rhys Ifans","Malcolm Kohll, Seaton McLean",27000000,12881605,1.6112,6.087,662,[]
927107,The Bricklayer,2023-12-14,"Action, Thriller",Renny Harlin,"Aaron Eckhart, Nina Dobrev, Clifton Collins Jr., Tim Blake Nelson, Ilfenesh Hadera","Gerard Butler, Heidi Jo Markel",23900000,899683,2.3409,5.77,387,[]
646683,The Exorcism,2024-05-30,"Horror, Thriller",Joshua John Miller,"Russell Crowe, Ryan Simpkins, Sam Worthington, Chloe Bailey, Adam Goldberg","Bill Block, Kevin Williamson",22000000,12610418,3.0173,5.0,412,[]
20737,Air Bud,1997-08-01,"Comedy, Family",Charles Martin Smith,"Kevin Zegers, Wendy Makkena, Michael Jeter, Bill Cobbs, Eric Christmas","William Vince, Robert Vince",3000000,23144499,3.2525,5.6,506,[]
4169,Breach,2007-02-12,"Drama, Thriller, Crime, History",Billy Ray,"Chris Cooper, Ryan Phillippe, Laura Linney, Caroline Dhavernas, Gary Cole","Robert Newmyer, Scott Strauss",23000000,41000000,2.3371,6.618,657,[]
4967,Keeping the Faith,2000-04-14,"Comedy, Romance",Edward Norton,"Ben Stiller, Edward Norton, Jenna Elfman, Anne Bancroft, Eli Wallach","Edward Norton, Stuart Blumberg",30000000,59945183,1.7493,6.089,657,[]
98548,People Like Us,2012-06-29,Drama,Alex Kurtzman,"Chris Pine, Elizabeth Banks, Olivia Wilde, Michelle Pfeiffer, Mark Duplass","Bobby Cohen, Clayton Townsend",16000000,12434778,1.6757,6.786,653,[]
11004,Wonder Boys,2000-02-22,"Comedy, Drama",Curtis Hanson,"Michael Douglas, Tobey Maguire, Frances McDormand, Robert Downey Jr., Katie Holmes","Curtis Hanson, Scott Rudin",35000000,33426588,2.3906,6.832,654,[]
10093,The Return,2006-11-10,"Horror, Drama, Thriller",Asif Kapadia,"Sarah Michelle Gellar, Peter O'Brien, Adam Scott, Kate Beahan, Sam Shepard","Ron Schmidt, Aaron Ryder",15000000,11992014,1.411,6.0,653,[]
5780,Torn Curtain,1966-07-14,Thriller,Alfred Hitchcock,"Paul Newman, Julie Andrews, Lila Kedrova, Hansjörg Felmy, Tamara Toumanova",Alfred Hitchcock,3000000,13000615,1.3051,6.593,652,[]
11601,Stir of Echoes,1999-09-10,"Horror, Mystery, Thriller",David Koepp,"Kevin Bacon, Kathryn Erbe, Illeana Douglas, Zachary David Cope, Kevin Dunn","Judy Hofflund, Gavin Polone",12000000,21142914,2.3773,6.678,1325,[]
15239,The Toxic Avenger,1984-05-15,"Action, Comedy, Horror, Science Fiction",Lloyd Kaufman,"Andree Maranda, Mitch Cohen, Jennifer Prichard, Cindy Manion, Robert Prichard","Michael Herz, Lloyd Kaufman",500000,800000,1.9988,6.268,647,[]
12117,Instinct,1999-06-04,"Drama, Thriller",Jon Turteltaub,"Anthony Hopkins, Cuba Gooding Jr., Donald Sutherland, Maura Tierney, George Dzundza","Barbara Boyle, Michael Taylor",80000000,34105207,2.3495,6.489,646,[]
1850,Man on the Moon,1999-12-22,"Comedy, Drama, History",Miloš Forman,"Jim Carrey, Danny DeVito, Courtney Love, Paul Giamatti, Vincent Schiavelli","Danny DeVito, Stacey Sher",82000000,47434430,2.2995,7.245,1962,[]
167810,Lost River,2015-04-08,"Drama, Fantasy, Thriller",Ryan Gosling,"Christina Hendricks, Iain De Caestecker, Saoirse Ronan, Eva Mendes, Matt Smith","Ryan Gosling, David Lancaster",2000000,45431,1.8867,5.699,640,[]
11121,Tess,1979-10-06,"Drama, Romance",Roman Polanski,"Nastassja Kinski, Peter Firth, Leigh Lawson, John Collin, Rosemary Martin",Claude Berri,12000000,20101247,2.7663,7.1,375,[]
9890,The Stepford Wives,2004-06-10,"Comedy, Science Fiction, Horror",Frank Oz,"Nicole Kidman, Matthew Broderick, Bette Midler, Glenn Close, Christopher Walken","Scott Rudin, Edgar J. Scherick",90000000,102000000,2.6082,5.681,1411,[]
12102,Kramer vs. Kramer,1979-12-07,Drama,Robert Benton,"Dustin Hoffman, Meryl Streep, Jane Alexander, Justin Henry, Howard Duff",Stanley R. Jaffe,8000000,106260000,2.4971,7.569,2431,[]
1262,Stranger Than Fiction,2006-11-10,"Drama, Comedy, Romance, Fantasy",Marc Forster,"Will Ferrell, Maggie Gyllenhaal, Dustin Hoffman, Emma Thompson, Queen Latifah",Lindsay Doran,30000000,53653224,2.559,7.287,2506,[]
2661,Batman,1966-07-30,"Action, Comedy, Crime",Leslie H. Martinson,"Adam West, Burt Ward, Lee Meriwether, Cesar Romero, Burgess Meredith",William Dozier,1377800,3900000,3.0505,6.37,1053,[]
3784,Frankie and Johnny,1991-10-11,"Drama, Romance, Comedy",Garry Marshall,"Al Pacino, Michelle Pfeiffer, Héctor Elizondo, Nathan Lane, Jane Morris",Garry Marshall,29000000,22773535,1.9629,6.76,636,[]
2769,An American in Paris,1951-09-26,"Music, Romance, Comedy",Vincente Minnelli,"Gene Kelly, Leslie Caron, Oscar Levant, Georges Guétary, Nina Foch",Arthur Freed,5635000,6981000,1.6658,7.0,636,[]
13466,October Sky,1999-02-19,"Drama, History",Joe Johnston,"Jake Gyllenhaal, Chris Cooper, Chris Owen, Laura Dern, William Lee Scott","Larry Franco, Charles Gordon",25000000,34698685,2.8155,7.7,1409,[]
293767,Billy Lynn's Long Halftime Walk,2016-11-10,"Drama, War",Ang Lee,"Joe Alwyn, Kristen Stewart, Chris Tucker, Garrett Hedlund, Makenzie Leigh","Stephen Cornwell, Ang Lee",40000000,30930984,4.0987,6.0,630,[]
10768,The Final Conflict,1981-03-20,"Horror, Mystery, Thriller",Graham Baker,"Sam Neill, Rossano Brazzi, Don Gordon, Lisa Harrow, Barnaby Holm",Harvey Bernhard,5000000,20471382,2.2107,5.8,628,[]
10197,Nine,2009-12-03,"Drama, Music, Romance",Rob Marshall,"Daniel Day-Lewis, Marion Cotillard, Penélope Cruz, Nicole Kidman, Judi Dench","Marc Platt, Harvey Weinstein",80000000,53825515,2.4163,5.524,627,[]
314385,By the Sea,2015-11-12,"Drama, Romance",Angelina Jolie,"Angelina Jolie, Brad Pitt, Mélanie Laurent, Melvil Poupaud, Niels Arestrup","Angelina Jolie, Brad Pitt",10000000,3727746,2.3824,5.524,621,[]
19255,Away We Go,2009-06-05,"Drama, Comedy, Romance",Sam Mendes,"John Krasinski, Maya Rudolph, Carmen Ejogo, Catherine O'Hara, Jeff Daniels","Marc Turtletaub, Peter Saraf",17000000,15779455,1.6427,6.664,621,[]
10133,Cypher,2002-10-01,"Thriller, Science Fiction",Vincenzo Natali,"Jeremy Northam, Kristina Nicoll, Nigel Bennett, Kari Matchett, Lucy Liu","Casey La Scala, Paul Federbush",7500000,898365,2.5718,6.627,621,[]
58522,Boris: The Film,2011-04-01,Comedy,Giacomo Ciarrapico,"Francesco Pannofino, Caterina Guzzanti, Alessandro Tiberi, Alberto Di Stasio, Antonio Catania","Mario Gianani, Lorenzo Mieli",3347850,1248748,0.6449,6.937,620,[]
27583,Greenberg,2010-03-26,"Comedy, Drama, Romance",Noah Baumbach,"Ben Stiller, Greta Gerwig, Rhys Ifans, Jennifer Jason Leigh, Mark Duplass","Jennifer Jason Leigh, Scott Rudin",25000000,6344112,1.897,5.9,620,[]
348892,Bajrangi Bhaijaan,2015-07-17,"Comedy, Drama, Adventure",Kabir Khan,"Salman Khan, Harshaali Malthotra, Nawazuddin Siddiqui, Kareena Kapoor Khan, Sharat Saxena","Kabir Khan, Salman Khan",13000000,150000000,2.5566,7.793,537,[]
11531,Book of Shadows: Blair Witch 2,2000-10-27,"Horror, Mystery",Joe Berlinger,"Kim Director, Jeffrey Donovan, Erica Leerhsen, Tristine Skyler, Stephen Barker Turner",Bill Carraro,15000000,47737094,2.3845,4.345,913,[]
11066,Boomerang,1992-06-28,"Comedy, Romance",Reginald Hudlin,"Eddie Murphy, Robin Givens, Halle Berry, David Alan Grier, Martin Lawrence","Brian Grazer, Warrington Hudlin",40000000,131052444,2.5381,5.7,617,[]
27958,Cruising,1980-02-15,"Crime, Mystery, Thriller",William Friedkin,"Al Pacino, Paul Sorvino, Karen Allen, Richard Cox, Don Scardino",Jerry Weintraub,11000000,19814523,3.2417,6.6,617,[]
13803,Amusement,2008-10-09,"Horror, Mystery",John Simpson,"Keir O'Donnell, Tad Hilgenbrink, Katheryn Winnick, Laura Breckenridge, Jessica Lucas","Mike Macari, Neal Edelstein",6000000,170255,2.2699,5.588,377,[]
303858,Money Monster,2016-05-12,"Thriller, Drama",Jodie Foster,"George Clooney, Julia Roberts, Jack O'Connell, Dominic West, Caitríona Balfe","George Clooney, Lara Alameddine",27000000,93282604,2.5176,6.433,3129,[]
629017,Run Hide Fight,2021-06-17,"Action, Crime, Thriller",Kyle Rankin,"Isabel May, Thomas Jane, Radha Mitchell, Eli Brown, Olly Sholotan","Dallas Sonnier, Amanda Presmyk",2000000,34561,2.4049,6.589,349,[]
949229,Leo,2023-10-18,"Action, Crime, Thriller",Lokesh Kanagaraj,"Vijay, Sanjay Dutt, Arjun Sarja, Trisha Krishnan, Gautham Vasudev Menon",Lalit Kumar,42219285,71772785,2.776,6.85,123,[]
15655,The Tigger Movie,2000-02-11,"Animation, Family, Comedy",Jun Falkenstein,"Jim Cummings, Nikita Hopkins, Ken Sansom, John Fiedler, Peter Cullen","Cheryl Abood, Michelle Gannes",30000000,45554533,2.3301,6.581,608,[]
6723,The Rookie,1990-12-07,"Action, Crime, Drama, Thriller",Clint Eastwood,"Clint Eastwood, Charlie Sheen, Raúl Juliá, Sonia Braga, Tom Skerritt","Steven Siebert, David Valdes",10000000,21600000,2.0027,5.9,607,[]
121734,"Tad, the Lost Explorer",2012-08-10,"Animation, Comedy, Adventure, Family",Enrique Gato,"Óscar Barberán, Michelle Jenner, José Mota, Pep Anton Muñoz, Miguel Ángel Jenner","Álvaro Augustín, Ghislain Barrois",10500000,23000000,1.6117,6.288,606,[]
380762,Trivisa,2016-04-07,"Drama, Crime",Frank Hui,"Richie Jen, Gordon Lam Ka-Tung, Jordan Chan Siu-Chun, To Yin-Gor, Zhang Kai","Johnnie To, Yau Nai-Hoi",641000,1180360,2.726,7.2,102,[]
2067,Mission to Mars,2000-03-10,"Science Fiction, Adventure, Mystery",Brian De Palma,"Gary Sinise, Tim Robbins, Don Cheadle, Connie Nielsen, Jerry O'Connell",,90000000,110983407,2.627,6.017,1555,[]
9988,Beerfest,2006-08-25,Comedy,Jay Chandrasekhar,"Erik Stolhanske, Jay Chandrasekhar, Steve Lemme, Paul Soter, M.C. Gainey","Bill Gerber, Richard Perello",17500000,19179969,2.3762,5.842,603,[]
10073,Date Movie,2006-02-17,"Comedy, Romance",Aaron Seltzer,"Alyson Hannigan, Eddie Griffin, Sophie Monk, Jennifer Coolidge, Fred Willard","Paul Schiff, Jason Friedberg",20000000,85749034,2.4397,4.275,1039,[]
18983,"Godzilla, King of the Monsters!",1956-04-27,"Science Fiction, Horror",Ishirō Honda,"Raymond Burr, Takashi Shimura, Momoko Kôchi, Akira Takarada, Akihiko Hirata","Harry Rybnick, Richard Kay",25000,2000000,2.5834,6.536,281,[]
11678,Vertical Limit,2000-12-08,"Adventure, Action, Thriller",Martin Campbell,"Chris O'Donnell, Robin Tunney, Bill Paxton, Scott Glenn, Izabella Scorupco","Martin Campbell, Marcia Nasatir",75000000,215663859,2.7169,6.0,1122,[]
19381,Strike!,1998-08-21,"Comedy, Drama",Sarah Kernochan,"Kirsten Dunst, Gaby Hoffmann, Lynn Redgrave, Tom Guiry, Rachael Leigh Cook","Peter Newman, Liz Murray",5000000,913834,2.6929,6.3,131,[]
3109,The Quiet Man,1952-07-21,"Romance, Comedy, Drama",John Ford,"John Wayne, Maureen O'Hara, Victor McLaglen, Barry Fitzgerald, Ward Bond","Lewis T. Rosso, John Ford",1750000,3800000,2.3118,7.3,599,[]
1394,Nostalgia,1983-05-01,"Drama, Romance",Andrei Tarkovsky,"Oleg Yankovskiy, Erland Josephson, Domiziana Giordano, Patrizia Terreno, Laura De Marchi",Daniel Toscan du Plantier,875000,311708,3.3935,7.8,599,[]
428836,Ophelia,2019-06-28,"Drama, Romance, History",Claire McCarthy,"Daisy Ridley, Naomi Watts, Clive Owen, George MacKay, Tom Felton","Paul Hanson, Daniel Bobker",12000000,242115,2.8334,7.087,598,[]
9271,Virtuosity,1995-08-04,"Action, Crime, Science Fiction, Thriller",Brett Leonard,"Denzel Washington, Russell Crowe, Kelly Lynch, Alanna Ubach, William Forsythe",Gary Lucchesi,30000000,24048000,2.42,5.5,594,[]
10546,The Crow: City of Angels,1996-08-29,"Action, Fantasy, Thriller",Tim Pope,"Vincent Perez, Mia Kirshner, Iggy Pop, Thomas Jane, Richard Brooks","Edward R. Pressman, Jeff Most",13000000,25317287,1.9481,5.494,594,[]
10907,The Adventures of Robin Hood,1938-05-13,"Adventure, Romance, History",Michael Curtiz,"Errol Flynn, Olivia de Havilland, Basil Rathbone, Claude Rains, Patric Knowles","Hal B. Wallis, Henry Blanke",2033000,3981000,2.1715,7.477,839,[]
2016,Days of Glory,2006-09-27,"Drama, History, War",Rachid Bouchareb,"Jamel Debbouze, Samy Naceri, Roschdy Zem, Sami Bouajila, Bernard Blancan",Jean Bréhat,14500000,22963701,2.3165,6.7,396,[]
33908,Three... Extremes,2004-08-20,Horror,Fruit Chan,"Kyoko Hasegawa, Atsuro Watabe, Mai Suzuki, Yuu Suzuki, Mitsuru Akaboshi","Peter Chan Ho-Sun, Ahn Soo-hyun",77532,516930,2.6705,6.785,405,[]
31175,Soul Kitchen,2009-09-09,"Drama, Comedy",Fatih Akin,"Adam Bousdoukos, Moritz Bleibtreu, Pheline Roggan, Anna Bederke, Birol Ünel","Klaus Maeck, Fatih Akin",4000000,18164139,0.8971,6.9,589,[]
1289601,Life After Fighting,2024-06-07,"Action, Drama, Thriller",Bren Foster,"Bren Foster, Cassie Howarth, Luke Ford, Annabelle Stephenson, Anthony Nassif","Bren Foster, Chelsea Jean Foster",234325,59530099,2.2695,7.218,71,[]
14248,Igor,2008-09-19,"Animation, Comedy, Family, Fantasy, Horror",Tony Leondis,"John Cusack, Myleene Klass, Robin Walsh, Matt McKenna, John Cleese","John D. Eraklis, Max Howard",25000000,30700000,2.3225,5.9,585,[]
9093,The Four Feathers,2002-09-08,"Action, Adventure, Drama, Romance, War",Shekhar Kapur,"Heath Ledger, Wes Bentley, Kate Hudson, Djimon Hounsou, Alex Jennings","Stanley R. Jaffe, Marty Katz",35000000,29882645,1.9043,6.628,585,[]
421658,Final Score,2018-09-07,"Action, Thriller, Adventure, Drama",Scott Mann,"Dave Bautista, Pierce Brosnan, Ray Stevenson, Amit Shah, Lara Peake","Dave Bautista, Jonathan Meisner",20000000,1472770,2.7615,6.08,564,[]
60049,Come tu mi vuoi,2007-10-09,"Comedy, Romance",Volfango De Biasi,"Cristiana Capotondi, Nicolas Vaporidis, Giulia Louise Steigerwalt, Elisa Di Eusanio, Paola Carleo","Alessandro Pellegrini, Claudio Saraceni",2500000,7086000,0.3491,5.811,581,[]
15037,Can't Hardly Wait,1998-06-12,"Comedy, Romance",Harry Elfont,"Jennifer Love Hewitt, Ethan Embry, Charlie Korsmo, Lauren Ambrose, Peter Facinelli","Jenno Topping, Betty Thomas",10000000,25605015,2.1617,6.21,580,[]
9430,Go,1999-04-09,"Crime, Comedy, Thriller",Doug Liman,"Sarah Polley, Timothy Olyphant, Katie Holmes, Desmond Askew, Jay Mohr","Mickey Liddell, Paul Rosenberg",6500000,28451622,2.7124,7.0,810,[]
10478,Tin Cup,1996-08-16,"Drama, Romance, Comedy",Ron Shelton,"Kevin Costner, Rene Russo, Don Johnson, Cheech Marin, Linda Hart","Gary Foster, David V. Lester",45000000,53854588,2.1596,6.1,574,[]
146239,Delivery Man,2013-10-10,Comedy,Ken Scott,"Vince Vaughn, Cobie Smulders, Chris Pratt, Britt Robertson, Jack Reynor",André Rouleau,26000000,51164106,2.3413,6.245,1572,[]
15393,Play Misty for Me,1971-10-01,"Drama, Thriller",Clint Eastwood,"Clint Eastwood, Jessica Walter, Donna Mills, John Larch, Jack Ging","Robert Daley, Jennings Lang",725000,10600000,2.4328,6.6,553,[]
22596,Safety Last!,1923-04-01,"Comedy, Romance",Fred C. Newmeyer,"Harold Lloyd, Mildred Davis, Bill Strother, Noah Young, Westcott Clarke",Hal Roach,121000,1500000,0.9615,7.7,571,[]
1114967,Good Fortune,2025-10-14,"Comedy, Fantasy",Aziz Ansari,"Keanu Reeves, Aziz Ansari, Seth Rogen, Keke Palmer, Sandra Oh","Anthony Katagas, Aziz Ansari",30000000,26117423,6.448,6.933,570,[]
339408,The Birth of a Nation,2016-09-09,Drama,Nate Parker,"Nate Parker, Armie Hammer, Aja Naomi King, Jackie Earle Haley, Penelope Ann Miller","Jason Michael Berman, Nate Parker",8500000,15861566,1.3053,6.6,568,[]
4593,The Discreet Charm of the Bourgeoisie,1972-09-15,Comedy,Luis Buñuel,"Fernando Rey, Delphine Seyrig, Paul Frankeur, Stéphane Audran, Bulle Ogier",Serge Silberman,800000,103230,2.908,7.454,902,[]
9754,Firewall,2006-02-08,"Action, Crime, Thriller",Richard Loncraine,"Harrison Ford, Paul Bettany, Virginia Madsen, Carly Schroeder, Jimmy Bennett","Armyan Bernstein, Basil Iwanyk",45000000,82800000,2.7,5.8,1020,[]
13321,Lifeboat,1944-01-28,"War, Drama",Alfred Hitchcock,"Tallulah Bankhead, William Bendix, Walter Slezak, Mary Anderson, John Hodiak","Kenneth Macgowan, Alfred Hitchcock",1590000,1000000,2.4234,7.4,474,[]
13001,Stargate: The Ark of Truth,2008-03-11,"Action, Adventure, Science Fiction",Robert C. Cooper,"Ben Browder, Amanda Tapping, Christopher Judge, Michael Shanks, Beau Bridges","Robert C. Cooper, John G. Lenic",7000000,8900000,2.4429,7.1,562,[]
11702,The Replacement Killers,1998-02-06,"Action, Crime, Thriller",Antoine Fuqua,"Chow Yun-Fat, Mira Sorvino, Michael Rooker, Kenneth Tsang, Jürgen Prochnow","Bernie Brillstein, Brad Grey",30000000,19200000,1.9755,6.274,561,[]
239566,Get On Up,2014-08-01,"Drama, Music, History",Tate Taylor,"Chadwick Boseman, Nelsan Ellis, Dan Aykroyd, Viola Davis, Lennie James","Brian Grazer, Victoria Pearman",30000000,33448971,1.7453,6.771,560,[]
441384,The Beach Bum,2019-03-21,"Comedy, Drama",Harmony Korine,"Matthew McConaughey, Snoop Dogg, Isla Fisher, Jimmy Buffett, Zac Efron","Charles-Marie Anthonioz, Mourad Belkeddar",5000000,4554416,1.8386,5.655,559,[]
15762,Night of the Creeps,1986-08-21,"Horror, Comedy, Science Fiction",Fred Dekker,"Jason Lively, Steve Marshall, Jill Whitlow, Tom Atkins, Wally Taylor",Charles Gordon,5000000,591366,1.5797,6.724,559,[]
60309,The Conspirator,2011-04-15,"Crime, Drama, History",Robert Redford,"James McAvoy, Robin Wright, Evan Rachel Wood, Kevin Kline, Alexis Bledel","Brian Peter Falk, Greg Shapiro",25000000,15478800,2.2045,6.6,489,[]
11185,"See No Evil, Hear No Evil",1989-05-12,"Comedy, Crime",Arthur Hiller,"Richard Pryor, Gene Wilder, Joan Severance, Kevin Spacey, Alan North",Marvin Worth,18000000,46900000,2.4411,6.756,1061,[]
9306,The Island of Dr. Moreau,1996-08-23,"Science Fiction, Horror",John Frankenheimer,"Marlon Brando, Val Kilmer, David Thewlis, Fairuza Balk, Ron Perlman",Edward R. Pressman,40000000,49627779,1.88,4.894,554,[]
10723,Bulletproof,1996-09-06,"Comedy, Crime, Action",Ernest R. Dickerson,"Damon Wayans, Adam Sandler, James Caan, Jeep Swenson, James Farentino",Robert Simonds,25000000,22611954,2.7968,5.727,627,[]
19384,Dark Angel,1990-01-26,"Action, Thriller, Science Fiction, Crime, Horror",Craig R. Baxley,"Dolph Lundgren, Brian Benben, Betsy Brantley, Matthias Hues, Jay Bilas",Jeff Young,7000000,9200000,2.6883,6.0,355,[]
18183,Like Water for Chocolate,1992-04-16,"Drama, Romance",Alfonso Arau,"Lumi Cavazos, Marco Leonardi, Regina Torné, Mario Iván Martínez, Ada Carrasco",Alfonso Arau,2000000,21744201,2.2561,7.3,551,[]
10531,Death and the Maiden,1994-05-04,"Drama, Thriller",Roman Polanski,"Sigourney Weaver, Ben Kingsley, Stuart Wilson, Krystia Mova, Jonathan Vega","Josh Kramer, Thom Mount",12000000,8003716,1.1366,7.1,550,[]
10400,The Hurricane,1999-09-17,Drama,Norman Jewison,"Denzel Washington, Vicellous Shannon, Deborah Kara Unger, Liev Schreiber, John Hannah","Norman Jewison, Armyan Bernstein",50000000,73956241,2.2081,7.437,1509,[]
690957,Pushpa: The Rise,2021-12-16,"Action, Drama, Thriller",Sukumar,"Allu Arjun, Rashmika Mandanna, Jagadeesh Bandari, Sunil Varma, Anasuya Bharadwaj","Naveen Yerneni, Y. Ravi Shankar",17200000,45800000,2.4973,6.778,180,[]
12516,Dreams,1990-05-11,"Fantasy, Drama",Akira Kurosawa,"Akira Terao, Mitsuko Baisho, Toshie Negishi, Mieko Harada, Mitsunori Isaki","Mike Y. Inoue, Hisao Kurosawa",12000000,2970161,4.1728,7.741,547,[]
10710,Envy,2004-04-30,Comedy,Barry Levinson,"Ben Stiller, Jack Black, Rachel Weisz, Christopher Walken, Amy Poehler","Barry Levinson, Paula Weinstein",40000000,14494036,2.1086,4.9,547,[]
14043,Nancy Drew,2007-06-15,"Family, Adventure, Crime, Mystery, Comedy",Andrew Fleming,"Emma Roberts, Max Thieriot, Josh Flitter, Rachael Leigh Cook, Kay Panabaker",Jerry Weintraub,20000000,30715465,1.6549,6.1,546,[]
39874,My Bloody Valentine,1981-02-11,"Horror, Thriller",George Mihalka,"Paul Kelman, Lori Hallier, Neil Affleck, Keith Knight, Cynthia Dale","André Link, John Dunning",2200000,5672031,1.8466,6.449,546,[]
660000,Lost Illusions,2021-10-20,"Drama, Romance, History",Xavier Giannoli,"Benjamin Voisin, Cécile de France, Vincent Lacoste, Xavier Dolan, Salomé Dewaels","Sidonie Dumas, Olivier Delbosc",20800000,8600000,1.7912,7.392,546,[]
479226,The Purity of Vengeance,2018-10-04,"Crime, Thriller, Mystery, Drama",Christoffer Boe,"Nikolaj Lie Kaas, Fares Fares, Johanne Louise Schmidt, Søren Pilmark, Fanny Leander Bornedal",Louise Vesth,6000000,470000,1.5932,7.166,545,[]
14370,Real Genius,1985-08-07,"Comedy, Romance, Science Fiction",Martha Coolidge,"Val Kilmer, Gabriel Jarret, Michelle Meyrink, William Atherton, Robert Prescott",Brian Grazer,8000000,12952019,2.8085,6.646,493,[]
30666,Stepfather 2,1989-11-03,"Horror, Thriller",Jeff Burr,"Terry O'Quinn, Meg Foster, Caroline Williams, Jonathan Brandis, Henry Brown","William Burr, Darin Scott",1500000,1519796,2.9995,5.5,117,[]
1945,Nell,1994-12-23,"Drama, Thriller",Michael Apted,"Jodie Foster, Liam Neeson, Natasha Richardson, Richard Libertini, Robin Mullins","Renée Missel, Graham Place",31000000,106683817,2.2394,6.546,541,[]
300665,Leatherface,2017-09-14,"Horror, Thriller, Crime, Drama",Julien Maury,"Stephen Dorff, Vanessa Grasse, Sam Strike, Lili Taylor, James Bloor","Christa Campbell, Carl Mazzocone",500000,1476843,2.4114,5.58,1422,[]
1290821,Shelter,2026-01-28,"Action, Crime, Thriller",Ric Roman Waugh,"Jason Statham, Bodhi Rae Breathnach, Michael Shaeffer, Anna Crilly, Bill Nighy","Jason Statham, John Friedberg",50000000,49754274,246.6669,6.796,538,[]
291351,The Sea of Trees,2016-04-27,Drama,Gus Van Sant,"Matthew McConaughey, Naomi Watts, Ken Watanabe, Ryoko Seta, Sienna Tow","Ken Kao, Allen Fischer",25000000,909000,1.5136,6.2,537,[]
147868,The Worst Christmas of My Life,2012-12-22,Comedy,Alessandro Genovesi,"Fabio De Luigi, Cristiana Capotondi, Antonio Catania, Anna Bonaiuto, Dino Abbrescia","Maurizio Totti, Alessandro Usai",6843500,10703234,0.4451,5.9,537,[]
30943,The Deep End of the Ocean,1999-03-12,"Drama, Mystery",Ulu Grosbard,"Michelle Pfeiffer, Treat Williams, Jonathan Jackson, Ryan Merriman, Alexa PenaVega","Kate Guinzburg, Steve Nicolaides",38000000,28121100,3.1204,6.554,533,[]
12767,Cold Creek Manor,2003-09-19,"Mystery, Thriller",Mike Figgis,"Dennis Quaid, Sharon Stone, Stephen Dorff, Juliette Lewis, Kristen Stewart","Mike Figgis, Annie Stewart",45000000,29119434,2.7873,5.4,532,[]
12157,Green Card,1990-12-23,"Comedy, Romance, Drama",Peter Weir,"Gérard Depardieu, Andie MacDowell, Bebe Neuwirth, Gregg Edelman, Robert Prosky",Peter Weir,12500000,29888235,1.3792,6.123,532,[]
16643,Life or Something Like It,2002-04-24,"Comedy, Drama, Romance",Stephen Herek,"Angelina Jolie, Edward Burns, Tony Shalhoub, Christian Kane, Melissa Errico","Chi-Li Wong, Arnon Milchan",40000000,16872671,2.5656,5.676,614,[]
573,Frenzy,1972-05-25,"Crime, Thriller, Horror",Alfred Hitchcock,"Jon Finch, Barry Foster, Barbara Leigh-Hunt, Anna Massey, Alec McCowen",Alfred Hitchcock,2000000,12600000,2.3643,7.098,1004,[]
13962,Blank Check,1994-02-11,"Comedy, Family",Rupert Wainwright,"Brian Bonsall, Karen Duffy, James Rebhorn, Jayne Atkinson, Michael Faustino",,13000000,30600000,2.0142,6.0,529,[]
479718,The Outlaws,2017-10-03,"Action, Crime, Thriller",Kang Yun-sung,"Don Lee, Yoon Kye-sang, Jo Jae-yun, Choi Gwi-hwa, Lim Hyung-jun",Yoo Young-chae,5900000,52946454,5.5793,7.666,528,[]
3529,The Thin Man,1934-05-25,"Comedy, Mystery, Crime",W.S. Van Dyke,"William Powell, Myrna Loy, Maureen O'Sullivan, Nat Pendleton, Minna Gombell",Hunt Stromberg,226408,1423000,1.1977,7.504,528,[]
50618,Fortress of War,2010-11-04,"War, Drama, History, Action",Alexander Kott,"Andrey Merzlikin, Pavel Derevyanko, Veronika Nikonova, Evgeny Tsyganov, Anna Tsukanova-Kott","Igor Ugolnikov, Ruben Dishdishyan",8500000,4404729,2.4877,7.2,180,[]
10017,The Wraith,1986-10-01,"Action, Science Fiction",Mike Marvin,"Charlie Sheen, Nick Cassavetes, Sherilyn Fenn, Randy Quaid, Matthew Barry",John Kemeny,2700000,3500000,2.1543,6.359,503,[]
11692,The Adventures of Pluto Nash,2002-08-16,"Action, Comedy, Science Fiction",Ron Underwood,"Eddie Murphy, Randy Quaid, Rosario Dawson, Joe Pantoliano, Jay Mohr","Martin Bregman, Louis A. Stroller",100000000,7103973,1.6596,4.4,526,[]
227932,My Mom Is a Character 2,2016-12-22,Comedy,César Rodrigues,"Paulo Gustavo, Rodrigo Pandolfo, Mariana Xavier, Patrícya Travassos, Alexandra Richter",Iafa Britz,2000000,39195565,0.4601,7.7,525,[]
558582,First Cow,2020-03-06,"Drama, Western",Kelly Reichardt,"John Magaro, Orion Lee, Toby Jones, Ewen Bremner, Scott Shepherd","Neil Kopp, Anish Savjani",2000000,101068,1.5097,7.1,524,[]
238215,The Cobbler,2014-09-11,"Fantasy, Comedy, Drama",Tom McCarthy,"Adam Sandler, Method Man, Dustin Hoffman, Steve Buscemi, Melonie Díaz","Tom McCarthy, Mary Jane Skalski",10000000,6500000,2.3763,5.866,1788,[]
800939,Ticket to Paradise,2022-09-08,"Drama, Comedy, Romance",Ol Parker,"Julia Roberts, George Clooney, Kaitlyn Dever, Billie Lourd, Maxime Bouttier","Julia Roberts, Marisa Yeres Gill",20000000,168800000,2.4162,6.421,1374,[]
10149,Smoke,1995-06-09,"Comedy, Drama",Wayne Wang,"Harvey Keitel, William Hurt, Stockard Channing, Harold Perrineau, Forest Whitaker","Peter Newman, Hisami Kuroiwa",7000000,8349430,2.0849,7.2,520,[]
489928,Blaze,2018-08-17,"Drama, Music, History",Ethan Hawke,"Ben Dickey, Alia Shawkat, Josh Hamilton, Lloyd Teddy Johnson Jr., Charlie Sexton","Adam Sonnenfeld, Ryan Hawke",1200000,467306,2.4337,6.263,57,[]
10877,Exit Wounds,2001-03-16,"Action, Crime, Thriller",Andrzej Bartkowiak,"Steven Seagal, DMX, Isaiah Washington, Anthony Anderson, Bill Duke","Joel Silver, Dan Cracchiolo",33000000,79958599,2.2767,5.8,552,[]
449924,Ip Man 4: The Finale,2019-12-19,"Action, History, Drama",Wilson Yip,"Donnie Yen, Wu Yue, Vanness Wu, Scott Adkins, Kent Cheng Jak-Si",,52000000,239000000,2.2526,7.266,2103,[]
11443,Dead Presidents,1995-09-29,"Crime, Drama, Action",Albert Hughes,"Larenz Tate, Keith David, Chris Tucker, Freddy Rodríguez, Rose Jackson","Albert Hughes, Allen Hughes",10000000,24100000,2.3706,6.7,320,[]
51200,71: Into the Fire,2010-06-16,War,John H. Lee,"Kwon Sang-woo, T.O.P, Kim Seung-woo, Cha Seung-won, Kim Hye-seong","Myungki Choi, Chung Tae-won",10400000,20967660,2.4318,7.49,207,[]
601796,Alienoid,2022-07-20,"Science Fiction, Action, Fantasy, Adventure",Choi Dong-hoon,"Ryu Jun-yeol, Kim Woo-bin, Kim Tae-ri, So Ji-sub, Yum Jung-ah","Choi Dong-hoon, Ahn Soo-hyun",24500000,12109608,6.1599,6.781,511,[]
20763,Radio Flyer,1992-02-21,Drama,Richard Donner,"Lorraine Bracco, John Heard, Adam Baldwin, Elijah Wood, Joseph Mazzello",Lauren Shuler Donner,35000000,4651977,2.3012,7.015,205,[]
9515,The Matador,2005-05-12,"Action, Comedy, Crime, Drama, Thriller",Richard Shepard,"Pierce Brosnan, Greg Kinnear, Hope Davis, Portia Dawson, Adam Scott","Bryan Furst, Pierce Brosnan",10000000,17300000,2.0659,6.3,509,[]
13193,Saved!,2004-06-11,Comedy,Brian Dannelly,"Jena Malone, Mandy Moore, Macaulay Culkin, Patrick Fugit, Eva Amurri","William Vince, Michael Stipe",5000000,10100000,1.8688,6.4,508,[]
5653,Luther,2003-10-29,"Drama, History",Eric Till,"Joseph Fiennes, Jonathan Firth, Claire Cox, Alfred Molina, Peter Ustinov","Brigitte Rochow, Alexander Thies",30000000,29400000,2.39,6.46,335,[]
429471,Captive State,2019-03-15,"Science Fiction, Action, Thriller",Rupert Wyatt,"John Goodman, Ashton Sanders, Jonathan Majors, Vera Farmiga, Kevin Dunn","Rupert Wyatt, David Crockett",25000000,8808611,2.3003,5.649,1247,[]
9021,The Santa Clause 2,2002-09-29,"Fantasy, Comedy, Family",Michael Lembeck,"Tim Allen, Judge Reinhold, Wendy Crewson, Elizabeth Mitchell, David Krumholtz","Robert Newmyer, Jeffrey Silver",65000000,172842355,2.4086,6.0,1414,[]
1931,Stomp the Yard,2007-05-16,"Drama, Music",Sylvain White,"Columbus Short, Meagan Good, Ne-Yo, Darrin Henson, Jermaine Williams",Will Packer,13000000,75511123,1.8494,7.059,506,[]
37905,The Horde,2010-02-10,"Action, Horror, Thriller",Yannick Dahan,"Claude Perron, Jean-Pierre Martins, Ériq Ebouaney, Aurélien Recoing, Doudou Masta",Raphaël Rocher,3100000,2943372,1.2756,5.967,505,[]
438740,Salyut-7,2017-09-22,"Action, Drama, Adventure",Klim Shipenko,"Vladimir Vdovichenkov, Pavel Derevyanko, Aleksandr Samoylenko, Vitaliy Khaev, Oksana Fandera","Bakur Bakuradze, Sergei Selyanov",15000000,13767037,2.093,7.06,505,[]
370665,Dilwale,2015-12-18,"Crime, Action, Comedy",Rohit Shetty,"Shah Rukh Khan, Kajol, Varun Dhawan, Kriti Sanon, Boman Irani","Gauri Khan, Rohit Shetty",26000000,61000000,2.4366,6.582,340,[]
9466,Celebrity,1998-09-25,"Drama, Comedy",Woody Allen,"Hank Azaria, Kenneth Branagh, Judy Davis, Leonardo DiCaprio, Melanie Griffith",Jean Doumanian,12000000,5078660,2.3458,5.985,503,[]
28597,Problem Child 2,1991-07-03,"Comedy, Family",Brian Levant,"John Ritter, Michael J. Oliver, Jack Warden, Laraine Newman, Amy Yasbeck",Robert Simonds,15000000,32704700,2.312,5.851,661,[]
8130,Desperately Seeking Susan,1985-03-29,"Drama, Comedy, Crime",Susan Seidelman,"Rosanna Arquette, Madonna, Aidan Quinn, Mark Blum, Robert Joy","Sarah Pillsbury, Midge Sanford",4500000,27399597,1.7534,6.1,498,[]
9715,Hope Floats,1998-05-29,"Romance, Drama, Comedy",Forest Whitaker,"Sandra Bullock, Harry Connick Jr., Gena Rowlands, Mae Whitman, Michael Paré",Lynda Obst,30000000,81471882,2.3597,6.4,496,[]
819876,Crimes of the Future,2022-05-25,"Science Fiction, Horror, Thriller, Drama",David Cronenberg,"Viggo Mortensen, Léa Seydoux, Scott Speedman, Kristen Stewart, Welket Bungué","Robert Lantos, Panos Papahadzis",27000000,4551565,1.9104,6.024,1256,[]
284296,Top Five,2014-12-12,"Drama, Comedy, Romance",Chris Rock,"Chris Rock, Rosario Dawson, JB Smoove, Gabrielle Union, Romany Malco","Scott Rudin, Eli Bush",12000000,26117471,1.448,6.1,494,[]
12657,Soul Plane,2004-05-28,Comedy,Jessy Terrero,"Kevin Hart, Tom Arnold, Method Man, Snoop Dogg, K.D. Aubert","Jessy Terrero, David Scott Rubin",16000000,14800000,2.3159,5.448,494,[]
15045,Fat Albert,2004-12-25,"Comedy, Family, Fantasy",Joel Zwick,"Kenan Thompson, Kyla Pratt, Dania Ramirez, Shedrack Anderson III, Jermaine Williams",John Davis,45000000,48600000,2.2451,5.1,269,[]
35588,Geronimo: An American Legend,1993-12-10,"Western, History, Action, Drama",Walter Hill,"Jason Patric, Gene Hackman, Robert Duvall, Wes Studi, Matt Damon","Walter Hill, Neil Canton",35000000,18635620,1.976,6.294,288,[]
10748,St Trinian's,2007-12-21,Comedy,Barnaby Thompson,"Talulah Riley, Rupert Everett, Gemma Arterton, Colin Firth, Lena Headey",Barnaby Thompson,14000000,29066483,1.8941,5.9,490,[]
15596,Back to School,1986-06-13,Comedy,Alan Metter,"Rodney Dangerfield, Sally Kellerman, Burt Young, Keith Gordon, Robert Downey Jr.",Chuck Russell,11000000,91258000,2.1966,6.342,489,[]
10805,Staying Alive,1983-07-11,"Drama, Music, Romance",Sylvester Stallone,"John Travolta, Cynthia Rhodes, Finola Hughes, Steve Inwood, Julie Bovasso","Robert Stigwood, Sylvester Stallone",22000000,64892670,2.3672,5.8,487,[]
17532,S. Darko,2009-04-28,"Thriller, Crime, Science Fiction, Mystery",Chris Fisher,"Daveigh Chase, Elizabeth Berkley, Briana Evigan, James Lafferty, Ed Westwick","Adam Fields, Ash R. Shah",4000000,4100000,1.3676,4.352,487,[]
9746,Kundun,1997-12-25,"Drama, History",Martin Scorsese,"Tenzin Thuthob Tsarong, Tencho Gyalpo, Tsewang Migyur Khangsar, Gyurme Tethong, Robert Lin",Barbara De Fina,28000000,5684789,2.775,6.8,486,[]
921785,Mixed by Erry,2023-03-02,"Comedy, History, Music",Sydney Sibilia,"Luigi D'Oriano, Giuseppe Arena, Francesco Di Leva, Cristiana Dell'Anna, Adriano Pantaleo","Matteo Rovere, Sydney Sibilia",8538750,1120191,0.5375,7.443,485,[]
413644,The Son of Bigfoot,2017-07-26,"Family, Animation, Comedy",Jérémie Degruson,"Pappy Faulkner, Christopher Lee Parson, Terrence Stone, Marieve Herington, Cinda Adams","Ben Stassen, Caroline Van Iseghem",30000000,46372519,2.3236,6.6,514,[]
301355,Message from the King,2017-05-10,"Action, Mystery, Thriller",Fabrice Du Welz,"Chadwick Boseman, Luke Evans, Alfred Molina, Teresa Palmer, Natalie Martinez","Simon Cornwell, Stephen Cornwell",10000000,315132,1.0523,6.244,483,[]
13258,Son of Rambow,2007-01-22,Comedy,Garth Jennings,"Bill Milner, Will Poulter, Jessica Hynes, Jules Sitruk, Neil Dudgeon","Trevor Evans, Nick Goldsmith",4913400,10871449,1.0392,6.7,482,[]
527,Once Were Warriors,1994-09-02,Drama,Lee Tamahori,"Rena Owen, Temuera Morrison, Mamaengaroa Kerr-Bell, Julian Arahanga, Taungaroa Emile",Robin Scholes,950000,6700000,1.6981,7.374,482,[]
1317088,The Assessment,2025-03-21,"Science Fiction, Drama, Thriller",Fleur Fortuné,"Elizabeth Olsen, Alicia Vikander, Himesh Patel, Indira Varma, Minnie Driver","Maximilian Leo, Jonas Katzenstein",8000000,279328,2.4497,6.823,417,[]
335777,The Nut Job 2: Nutty by Nature,2017-08-11,"Animation, Family, Adventure, Comedy",Cal Brunker,"Will Arnett, Maya Rudolph, Bobby Cannavale, Bobby Moynihan, Isabela Merced","Harry Linden, Bob Barlen",40000000,68743485,2.2343,6.1,462,[]
140870,Minuscule: Valley of the Lost Ants,2013-11-17,"Animation, Adventure, Family",Hélène Giraud,"John DeCantis, Suzy Wilson",Philippe Delarue,19700000,30000000,1.4518,6.977,472,[]
12834,Leaves of Grass,2009-09-13,"Comedy, Crime, Thriller",Tim Blake Nelson,"Edward Norton, Susan Sarandon, Richard Dreyfuss, Keri Russell, Melanie Lynskey","Bill Migliore, Elie Cohn",9000000,1034214,1.8445,6.002,459,[]
544627,Dark Figure of Crime,2018-10-03,"Crime, Drama",Kim Tae-gyoon,"Kim Yun-seok, Ju Ji-hoon, Moon Jeong-hee, Jin Sun-kyu, Jeong Jong-jun","Kwak Kyung-taek, Lee Sung-chan",7120949,29433930,2.8169,6.6,90,[]
1406,City Slickers,1991-06-07,"Comedy, Western",Ron Underwood,"Billy Crystal, Daniel Stern, Bruno Kirby, Patricia Wettig, Helen Slater",Irby Smith,27000000,179033791,2.2937,6.456,855,[]
268920,Hot Pursuit,2015-05-08,"Action, Comedy",Anne Fletcher,"Reese Witherspoon, Sofía Vergara, John Carroll Lynch, Robert Kazinsky, Richard T. Jones","Reese Witherspoon, Dana Fox",35000000,51680201,2.2985,5.7,1720,[]
11884,The Last Starfighter,1984-07-13,"Adventure, Science Fiction, Action",Nick Castle,"Lance Guest, Robert Preston, Chris Hebert, Kay E. Kuter, Dan Mason","Edward O. Denault, Gary Adelson",15000000,28733290,2.047,6.608,753,[]
9448,The Big Hit,1998-04-24,"Action, Adventure, Comedy, Crime, Thriller",Kirk Wong Chi-Keung,"Mark Wahlberg, Lou Diamond Phillips, Christina Applegate, Avery Brooks, Bokeem Woodbine","Warren Zide, Wesley Snipes",13000000,27007143,2.1112,6.0,466,[]
11647,Infernal Affairs II,2003-10-01,"Action, Thriller, Crime",Andrew Lau Wai-Keung,"Shawn Yue Man-Lok, Edison Chen, Francis Ng Chun-Yu, Eric Tsang Chi-Wai, Carina Lau",Andrew Lau Wai-Keung,125000,3208262,3.1614,7.3,466,[]
186992,Stranger by the Lake,2013-06-12,"Drama, Thriller",Alain Guiraudie,"Pierre Deladonchamps, Christophe Paou, Patrick d'Assumçao, Jérôme Chappatte, Mathieu Vervisch","Sylvie Pialat, Benoît Quainon",1400000,1200000,1.3169,6.3,465,[]
751237,Umma,2022-03-18,"Horror, Mystery",Iris K. Shim,"Sandra Oh, Fivel Stewart, Dermot Mulroney, Odeya Rush, MeeWha Alana Lee","Zainab Azizi, Sam Raimi",3000000,2100000,2.4185,5.313,327,[]
27046,The Irony of Fate: Continuation,2007-12-21,"Comedy, Romance",Timur Bekmambetov,"Konstantin Khabenskiy, Elizaveta Boyarskaya, Sergei Bezrukov, Andrey Myagkov, Yuriy Yakovlev","Timur Bekmambetov, Konstantin Ernst",5000000,55635037,1.9033,4.8,96,[]
14423,First Sunday,2008-01-11,"Comedy, Action",David E. Talbert,"Ice Cube, Katt Williams, Tracy Morgan, Loretta Devine, Michael Beach","Matt Alvarez, Ice Cube",20000000,38800000,2.0485,5.642,260,[]
101669,Mother's Day,2010-09-23,"Crime, Horror, Thriller",Darren Lynn Bousman,"Rebecca De Mornay, Jaime King, Frank Grillo, Patrick John Flueger, Warren Kole","Brett Ratner, Richard Saperstein",11000000,863000,2.234,6.488,459,[]
10390,For Love of the Game,1999-09-17,"Drama, Romance",Sam Raimi,"Kevin Costner, Kelly Preston, John C. Reilly, Jena Malone, Brian Cox","Armyan Bernstein, Amy Robinson",50000000,46112640,1.6956,6.4,459,[]
10611,Barbershop,2002-04-01,"Comedy, Drama",Tim Story,"Ice Cube, Anthony Anderson, Cedric the Entertainer, Sean Patrick Thomas, Eve","Mark Brown, Robert Teitel",12000000,77063924,2.3174,6.4,524,[]
606952,The Goddess of Fortune,2019-12-19,Drama,Ferzan Özpetek,"Stefano Accorsi, Edoardo Leo, Jasmine Trinca, Serra Yılmaz, Sara Ciocca","Tilde Corsi, Gianni Romoli",4000000,8277796,2.2506,7.1,521,[]
152748,Ain't Them Bodies Saints,2013-07-03,"Crime, Drama, Romance, Western",David Lowery,"Rooney Mara, Casey Affleck, Ben Foster, Keith Carradine, Kennadie Smith","Jay Van Hoy, Toby Halbrooks",4000000,1031243,1.3112,6.1,456,[]
13509,The Monster Squad,1987-08-14,"Comedy, Action, Fantasy",Fred Dekker,"André Gower, Robby Kiger, Stephen Macht, Duncan Regehr, Tom Noonan",Jonathan A. Zimbert,12000000,3769990,2.351,6.711,633,[]
12095,From Dusk Till Dawn 2: Texas Blood Money,1999-03-16,"Crime, Action, Horror, Thriller",Scott Spiegel,"Robert Patrick, Bo Hopkins, Duane Whitaker, Muse Watson, Brett Harrelson","Meir Teper, Michael S. Murphey",5000000,6374,2.1009,4.619,513,[]
369883,Middle School: The Worst Years of My Life,2016-10-07,"Family, Comedy",Steve Carr,"Griffin Gluck, Lauren Graham, Alexa Nisenson, Andy Daly, Thomas Barbusca","Bill Robinson, Leopoldo Gout",8500000,23316139,1.6588,6.945,453,[]
77944,The Worst Week of My Life,2011-10-27,Comedy,Alessandro Genovesi,"Fabio De Luigi, Cristiana Capotondi, Monica Guerritore, Antonio Catania, Nadir Caselli","Alessandro Usai, Maurizio Totti",11000000,12935800,0.9806,6.1,453,[]
25468,My Dinner with Andre,1981-10-11,"Drama, Comedy",Louis Malle,"Andre Gregory, Wallace Shawn, Jean Lenauer, Roy Butler, Cindy Lou Adkins","George W. George, Beverly Karp",475000,5250000,1.3636,7.492,453,[]
8094,The Magdalene Sisters,2002-08-30,"Drama, History",Peter Mullan,"Anne-Marie Duff, Nora-Jane Noone, Dorothy Duffy, Geraldine McEwan, Eileen Walsh","Frances Higson, Alan J. Wands",5000000,21107578,1.8929,7.4,453,[]
749004,Petite Maman,2021-06-02,"Drama, Fantasy",Céline Sciamma,"Joséphine Sanz, Gabrielle Sanz, Nina Meurisse, Stéphane Varupenne, Margot Abascal",Bénédicte Couvreur,3100000,1024575,1.3077,7.1,452,[]
9713,Holy Man,1998-10-08,"Drama, Comedy",Stephen Herek,"Eddie Murphy, Jeff Goldblum, Kelly Preston, Robert Loggia, Jon Cryer","Stephen Herek, Roger Birnbaum",60000000,12069719,1.9428,5.26,452,[]
3989,Team America: World Police,2004-10-10,"Adventure, Action, Comedy",Trey Parker,"Trey Parker, Matt Stone, Kristen Miller, Chelsea Marguerite, Masasa Moyo","Frank C. Agnone II, Pam Brady",32000000,50826898,2.1081,6.735,2027,[]
71677,Assassination Games,2011-07-28,"Action, Crime, Drama, Thriller",Ernie Barbarash,"Jean-Claude Van Damme, Scott Adkins, Ivan Kaye, Kevin Chapman, Marija Karan","Justin Bursch, Brad Krevoy",8000000,137600230,2.2851,6.312,450,[]
5121,The Sugarland Express,1974-03-31,"Crime, Drama, Comedy",Steven Spielberg,"Goldie Hawn, William Atherton, Ben Johnson, Michael Sacks, Gregory Walcott","David Brown, Richard D. Zanuck",3000000,12800000,1.3098,6.6,450,[]
1148713,The Courier,2024-01-19,"Thriller, Crime",Daniel Calparsoro,"Arón Piper, María Pedraza, Luis Tosar, Laura Sépul, Nourdin Batán",,5400000,1751343,2.2749,6.399,174,[]
1020414,Peter Pan's Neverland Nightmare,2025-01-13,"Horror, Thriller, Fantasy",Scott Chambers,"Megan Placito, Martin Portlock, Kit Green, Peter DeSouza-Feighoney, Teresa Banham","Scott Chambers, Rhys Frake-Waterfield",250000,1561361,2.021,5.7,219,[]
19794,Labor Pains,2009-06-19,Comedy,Lara Shapiro,"Lindsay Lohan, Luke Kirby, Chris Parnell, Aaron Yoo, Bridgit Mendler","Avi Lerner, Lati Grobman",10000000,1895782,1.4322,5.4,447,[]
3309,Mildred Pierce,1945-10-20,"Crime, Drama",Michael Curtiz,"Joan Crawford, Jack Carson, Zachary Scott, Eve Arden, Ann Blyth",Jerry Wald,1453000,5638000,1.7188,7.6,446,[]
503346,Occupation,2018-07-12,"Action, Science Fiction, Drama",Luke Sparke,"Dan Ewing, Temuera Morrison, Stephanie Jacobsen, Rhiannon Fish, Jacqueline McKenzie","Carly Imrie, Carmel Imrie",6000000,21704,1.8598,4.761,255,[]
13691,Piglet's Big Movie,2003-03-16,"Animation, Family",Francis Glebas,"John Fiedler, Jim Cummings, Nikita Hopkins, Ken Sansom, Peter Cullen",Michelle Pappalardo-Robinson,46000000,62870546,2.0105,6.7,394,[]
6949,"What's Up, Doc?",1972-03-09,"Comedy, Crime, Romance",Peter Bogdanovich,"Barbra Streisand, Ryan O'Neal, Madeline Kahn, Kenneth Mars, Austin Pendleton",Peter Bogdanovich,4000000,66000000,1.6582,7.36,443,[]
12335,Bedknobs and Broomsticks,1971-10-07,"Family, Animation, Fantasy",Robert Stevenson,"Angela Lansbury, David Tomlinson, Roddy McDowall, Sam Jaffe, John Ericson",Bill Walsh,20000000,17900000,2.3751,7.0,1015,[]
10553,Remo Williams: The Adventure Begins,1985-10-11,"Action, Adventure, Comedy",Guy Hamilton,"Fred Ward, Joel Grey, Wilford Brimley, J.A. Preston, George Coe",Larry Spiegel,40000000,14393902,1.8875,6.3,277,[]
1088,Whale Rider,2003-01-30,"Drama, Family",Niki Caro,"Keisha Castle-Hughes, Rawiri Paratene, Vicky Haughton, Cliff Curtis, Grant Roa","John Barnett, Tim Sanders",8000000,41400000,1.6931,7.0,440,[]
10909,Kalifornia,1993-06-24,"Thriller, Crime",Dominic Sena,"Brad Pitt, David Duchovny, Juliette Lewis, Michelle Forbes, Sierra Pecheur","Sigurjón Sighvatsson, Aristides McGarry",9000000,2395231,2.435,6.6,855,[]
340101,Their Finest,2017-02-19,"Romance, War, Drama",Lone Scherfig,"Gemma Arterton, Sam Claflin, Bill Nighy, Jack Huston, Helen McCrory","Amanda Posey, Stephen Woolley",11795877,3603484,1.8829,6.6,438,[]
16345,Billu,2009-02-13,"Comedy, Drama",Priyadarshan,"Irrfan Khan, Shah Rukh Khan, Lara Dutta, Om Puri, Rajpal Yadav",Gauri Khan,5750000,10000000,2.3232,6.406,112,[]
9623,The Juror,1996-02-02,"Thriller, Crime, Drama",Brian Gibson,"Demi Moore, Alec Baldwin, Joseph Gordon-Levitt, Anne Heche, James Gandolfini","Rob Cowan, Irwin Winkler",44000000,22754725,1.777,5.7,436,[]
16241,The Boys from Brazil,1978-10-05,"Drama, Mystery, Science Fiction",Franklin J. Schaffner,"Gregory Peck, Laurence Olivier, James Mason, Lilli Palmer, Uta Hagen","Stanley O'Toole, Martin Richards",12000000,19000000,1.5547,6.717,436,[]
125490,Antiviral,2012-09-19,"Science Fiction, Horror",Brandon Cronenberg,"Caleb Landry Jones, Sarah Gadon, Malcolm McDowell, Joe Pingue, Sheila McCarthy",Niv Fichman,3500000,123407,1.9721,6.0,435,[]
2360,Saving Grace,2000-01-24,"Crime, Comedy",Nigel Cole,"Brenda Blethyn, Craig Ferguson, Martin Clunes, Tchéky Karyo, Jamie Foreman",Mark Crowdy,10000000,26330482,1.4501,6.5,434,[]
10476,Hustle & Flow,2005-07-22,"Crime, Drama, Music",Craig Brewer,"Terrence Howard, Anthony Anderson, Taryn Manning, Taraji P. Henson, DJ Qualls","John Singleton, Stephanie Allain",8000000,23563727,1.8541,7.1,433,[]
9442,Dead Men Don't Wear Plaid,1982-05-21,"Comedy, Mystery, Crime",Carl Reiner,"Steve Martin, Rachel Ward, Alan Ladd, Carl Reiner, Barbara Stanwyck","William E. McEuen, David V. Picker",9000000,18196170,1.6983,6.657,434,[]
5683,Pee-wee's Big Adventure,1985-07-26,"Comedy, Adventure, Family",Tim Burton,"Paul Reubens, E. G. Daily, Mark Holton, Diane Salinger, Judd Omen","Robert Shapiro, Richard Gilbert Abramson",6000000,40900000,2.1666,6.474,838,[]
254672,The Wrath of Vajra,2013-09-24,"Fantasy, Action, Horror",Law Wing-Cheong,"Xing Yu, Steve Yoo, Poppin Hyun-Joon, Jiang Baocheng, Zhang Yamei",,13898500,1872903,1.9363,5.4,57,[]
12775,Flesh + Blood,1985-08-30,"Adventure, Drama",Paul Verhoeven,"Rutger Hauer, Jennifer Jason Leigh, Tom Burlinson, Jack Thompson, Susan Tyrrell",Gijs Versluys,6500000,100000,1.8476,6.574,431,[]
17058,Scarlet Street,1945-12-25,"Drama, Crime",Fritz Lang,"Edward G. Robinson, Joan Bennett, Dan Duryea, Margaret Lindsay, Jess Barker",Fritz Lang,1202000,2948500,1.5549,7.6,431,[]
12596,Pushing Tin,1999-04-23,"Comedy, Drama",Mike Newell,"John Cusack, Billy Bob Thornton, Cate Blanchett, Angelina Jolie, Jake Weber",Art Linson,33000000,8408835,2.7584,5.9,431,[]
2084,Birthday Girl,2001-09-06,"Comedy, Crime, Thriller",Jez Butterworth,"Nicole Kidman, Ben Chaplin, Vincent Cassel, Mathieu Kassovitz, Kate Lynn Evans","Steve Butterworth, Diana Phillips",13000000,16171098,1.6932,5.912,431,[]
42222,Julia,1977-10-01,"Drama, Romance, Thriller",Fred Zinnemann,"Jane Fonda, Vanessa Redgrave, Jason Robards, Maximilian Schell, Hal Holbrook",Richard A. Roth,7840000,20700000,2.1466,6.5,159,[]
466,Klute,1971-06-23,"Thriller, Mystery, Crime",Alan J. Pakula,"Jane Fonda, Donald Sutherland, Charles Cioffi, Roy Scheider, Dorothy Tristan",Alan J. Pakula,2500000,12512637,2.4049,6.8,500,[]
1714,Fahrenheit 451,1966-09-07,"Drama, Science Fiction",François Truffaut,"Julie Christie, Oskar Werner, Cyril Cusack, Anton Diffring, Jeremy Spenser",Lewis M. Allen,1500000,2000000,2.0816,7.1,1061,[]
12662,Psycho III,1986-04-02,"Horror, Mystery, Thriller",Anthony Perkins,"Anthony Perkins, Diana Scarwid, Jeff Fahey, Roberta Maxwell, Hugh Gillin",Hilton A. Green,8400000,14481606,1.7819,5.645,428,[]
10384,Supernova,2000-01-14,"Science Fiction, Horror, Thriller",Walter Hill,"James Spader, Angela Bassett, Robert Forster, Lou Diamond Phillips, Peter Facinelli","Ash R. Shah, Dan Chuba",90000000,14828081,1.3362,4.9,428,[]
383709,Wonderstruck,2017-10-13,Drama,Todd Haynes,"Oakes Fegley, Millicent Simmonds, Julianne Moore, Michelle Williams, Cory Michael Smith","Christine Vachon, Pamela Koffler",7000000,1947099,1.9441,6.068,427,[]
348537,Spanish Affair 2,2015-11-20,"Comedy, Romance, Family",Emilio Martínez Lázaro,"Dani Rovira, Clara Lago, Berto Romero, Karra Elejalde, Carmen Machi","Álvaro Agustin, Ghislain Barrois",4500000,38482411,0.8971,5.5,427,[]
436,Maria Full of Grace,2004-04-02,"Drama, Thriller, Crime",Joshua Marston,"Catalina Sandino Moreno, Guilied Lopez, Yenny Paola Vega, Jhon Álex Toro, Virgina Ariza",Paul S. Mezey,3000000,12450821,1.499,7.206,427,[]
492611,The Turning,2020-01-23,"Horror, Thriller",Floria Sigismondi,"Mackenzie Davis, Finn Wolfhard, Brooklynn Prince, Mark Huberman, Niall Greig Fulton","Scott Bernstein, Roy Lee",14000000,19428166,2.1814,5.719,1016,[]
400,Things to Do in Denver When You're Dead,1995-12-01,"Drama, Crime",Gary Fleder,"Andy Garcia, Christopher Lloyd, William Forsythe, Bill Nunn, Treat Williams",Cary Woods,8000000,529766,1.8731,6.4,425,[]
12508,Rock Star,2001-09-04,"Music, Drama, Comedy",Stephen Herek,"Mark Wahlberg, Jennifer Aniston, Dominic West, Jason Bonham, Jeff Pilson","Toby Jaffe, Robert Lawrence",57000000,19334145,2.1263,6.7,805,[]
15263,McLintock!,1963-11-12,"Western, Comedy",Andrew V. McLaglen,"John Wayne, Maureen O'Hara, Patrick Wayne, Stefanie Powers, Jack Kruschen",Michael Wayne,4000000,14500000,2.2833,6.6,252,[]
13403,Hedwig and the Angry Inch,2001-07-20,"Comedy, Music, Drama",John Cameron Mitchell,"John Cameron Mitchell, Miriam Shor, Stephen Trask, Theodore Liscinski, Rob Campbell","Pamela Koffler, Christine Vachon",6000000,3660081,1.5969,7.451,422,[]
2212,Nightwatch,1997-01-31,"Drama, Horror, Mystery, Thriller",Ole Bornedal,"Ewan McGregor, Patricia Arquette, Josh Brolin, Lauren Graham, Nick Nolte",Michael Obel,10000000,1179002,2.8305,6.1,422,[]
1058,Breathless,1983-05-13,"Romance, Drama, Action",Jim McBride,"Richard Gere, Valérie Kaprisky, Art Metrano, John P. Ryan, William Tepper",Martin Erlichman,7500000,19910002,2.1973,5.9,260,[]
19366,Josie and the Pussycats,2001-04-06,"Comedy, Music",Deborah Kaplan,"Rachael Leigh Cook, Rosario Dawson, Tara Reid, Alan Cumming, Parker Posey","Tracey Edmonds, Marc Platt",22000000,14866444,1.9424,5.801,367,[]
14635,The Rookie,2002-03-25,"Drama, Family",John Lee Hancock,"Dennis Quaid, Rachel Griffiths, Jay Hernandez, Beth Grant, Angus T. Jones","Gordon Gray, Mark Ciardi",20000000,75597042,2.7762,6.804,484,[]
714869,Serial (Bad) Weddings 3,2021-12-21,"Romance, Comedy",Philippe de Chauveron,"Christian Clavier, Chantal Lauby, Ary Abittan, Medi Sadoun, Frédéric Chau",,22000000,27832384,1.589,6.274,419,[]
253161,Madame Bovary,2015-06-04,Drama,Sophie Barthes,"Mia Wasikowska, Rhys Ifans, Ezra Miller, Logan Marshall-Green, Henry Lloyd-Hughes","Sophie Barthes, Jaime Mateus-Tique",8000000,658532,1.4192,5.7,419,[]
46029,Two Much,1995-12-01,"Comedy, Romance",Fernando Trueba,"Antonio Banderas, Melanie Griffith, Daryl Hannah, Danny Aiello, Joan Cusack",,24000000,1141556,1.9657,5.407,166,[]
573164,An Egg Rescue,2021-08-12,"Animation, Comedy, Adventure, Family",Gabriel Riva Palacio Alatriste,"Bruno Bichir, Maite Perroni, Carlos Espejel, Angélica Vale, Dione Riva Palacio Santacruz","Rodolfo Riva Palacio Alatriste, Carlos Zepeda Chehaibar",6400000,4093345,1.2509,7.9,415,[]
20714,12,2007-06-06,"Crime, Drama, Mystery",Nikita Mikhalkov,"Sergey Makovetskiy, Nikita Mikhalkov, Sergey Garmash, Valentin Gaft, Aleksey Petrenko","Nikita Mikhalkov, Leonid Vereshchagin",4000000,7537453,1.8628,6.601,415,[]
316152,Free State of Jones,2016-06-24,"Action, Drama, History, War",Gary Ross,"Matthew McConaughey, Gugu Mbatha-Raw, Mahershala Ali, Keri Russell, Jacob Lofland","Gary Ross, Jon Kilik",50000000,25035950,2.1586,6.767,1632,[]
9591,That Thing You Do!,1996-10-04,"Comedy, Drama, Romance, Music",Tom Hanks,"Tom Hanks, Tom Everett Scott, Liv Tyler, Johnathon Schaech, Steve Zahn","Edward Saxon, Jonathan Demme",26000000,34585416,1.9719,6.869,910,[]
11899,The Muppets Take Manhattan,1984-06-27,"Romance, Comedy, Family",Frank Oz,"Jim Henson, Frank Oz, Dave Goelz, Steve Whitmire, Richard Hunt",David Lazer,8000000,25535829,1.1687,6.596,412,[]
13252,Cleaner,2007-09-11,"Crime, Thriller, Mystery",Renny Harlin,"Samuel L. Jackson, Ed Harris, Eva Mendes, Luis Guzmán, Keke Palmer","Michael P. Flannigan, Steve Golin",25000000,5796630,2.987,6.077,913,[]
8046,Gigli,2003-08-01,"Comedy, Crime, Drama, Romance",Martin Brest,"Ben Affleck, Jennifer Lopez, Justin Bartha, Lainie Kazan, Missy Crider","Casey Silver, Martin Brest",75600000,7266209,1.7152,4.0,489,[]
11206,Wait Until Dark,1967-10-26,"Thriller, Horror",Terence Young,"Audrey Hepburn, Alan Arkin, Richard Crenna, Efrem Zimbalist Jr., Jack Weston",Mel Ferrer,4000000,11000000,3.2585,7.3,592,[]
10862,Bounce,2000-11-15,"Drama, Romance",Don Roos,"Ben Affleck, Gwyneth Paltrow, Natasha Henstridge, Tony Goldwyn, Johnny Galecki","Steve Golin, Michael Besman",35000000,36779296,2.857,5.8,410,[]
340676,Personal Shopper,2016-12-14,"Drama, Mystery, Thriller",Olivier Assayas,"Kristen Stewart, Lars Eidinger, Sigrid Bouaziz, Anders Danielsen Lie, Ty Olwin",Charles Gillibert,6000000,1305195,2.0446,5.928,1312,[]
914206,The Beast,2024-02-07,"Science Fiction, Drama, Romance",Bertrand Bonello,"Léa Seydoux, George MacKay, Guslagie Malanda, Dasha Nekrasova, Martin Scali","Justin Taurand, Bertrand Bonello",7500000,760979,2.2345,6.3,252,[]
359790,Blackway,2015-10-03,"Thriller, Mystery",Daniel Alfredson,"Anthony Hopkins, Julia Stiles, Alexander Ludwig, Ray Liotta, Steve Bacic","Ellen Goldsmith-Vein, Anthony Hopkins",8000000,16458,2.3114,5.3,406,[]
9544,FearDotCom,2002-08-09,"Horror, Thriller, Crime",William Malone,"Stephen Dorff, Natascha McElhone, Stephen Rea, Udo Kier, Amelia Curtis","Limor Diamant, Moshe Diamant",40000000,18902015,1.539,3.8,406,[]
13334,Wolfhound of the Grey Dog Clan,2006-12-28,"Fantasy, Adventure, Action",Nikolay Lebedev,"Aleksandr Bukharov, Oksana Akinshina, Igor Petrenko, Anatoliy Belyy, Juozas Budraitis","Sergey Danielyan, Ruben Dishdishyan",20000000,21573338,1.9086,5.4,90,[]
61202,Zindagi Na Milegi Dobara,2011-07-15,"Drama, Comedy, Romance",Zoya Akhtar,"Hrithik Roshan, Abhay Deol, Farhan Akhtar, Katrina Kaif, Kalki Koechlin","Farhan Akhtar, Ritesh Sidhwani",7700000,160000000,2.8821,7.607,403,[]
451184,Wasp Network,2020-01-29,"Drama, History, Thriller",Olivier Assayas,"Penélope Cruz, Edgar Ramírez, Gael García Bernal, Ana de Armas, Wagner Moura","Charles Gillibert, Rodrigo Teixeira",10530000,1400000,1.4024,6.047,403,[]
459616,The Brand New Adventures of Aladdin,2018-10-03,"Comedy, Fantasy, Adventure",Lionel Steketee,"Kev Adams, Jamel Debbouze, Ramzy Bedia, Éric Judor, Noémie Lenoir","Jérôme Seydoux, Daniel Tordjman",18900000,19000000,1.6201,4.82,401,[]
964960,The Taste of Things,2023-11-08,"Romance, Drama",Trần Anh Hùng,"Benoît Magimel, Juliette Binoche, Patrick d'Assumçao, Emmanuel Salinger, Jan Hammenecker",Olivier Delbosc,6500000,5970753,1.8595,7.1,378,[]
1555,The Spanish Apartment,2002-06-19,"Drama, Comedy, Romance",Cédric Klapisch,"Romain Duris, Judith Godrèche, Audrey Tautou, Kelly Reilly, Cécile de France",Bruno Levy,5300000,3897799,1.9518,7.122,1214,[]
11042,The Barbarian Invasions,2003-05-01,"Comedy, Drama",Denys Arcand,"Rémy Girard, Stéphane Rousseau, Marie-Josée Croze, Dorothée Berryman, Louise Portal","Denise Robert, Daniel Louis",8000000,34883010,1.1651,7.0,398,[]
10425,The Death and Life of Bobby Z,2007-07-23,"Drama, Action, Thriller, Crime",John Herzfeld,"Paul Walker, Laurence Fishburne, Olivia Wilde, Jason Lewis, Michael Bowen","Heidi Jo Markel, Larry Schapiro",22000000,413454,1.3834,6.16,398,[]
9536,Bio-Dome,1996-01-12,Comedy,Jason Bloom,"Pauly Shore, Stephen Baldwin, William Atherton, Joey Lauren Adams, Teresa Hill","Steven Stabler, Bradley Jenkel",8500000,13400000,2.5115,4.548,398,[]
26175,Ivanhoe,1952-07-31,"Adventure, Romance, History",Richard Thorpe,"Robert Taylor, Elizabeth Taylor, Joan Fontaine, George Sanders, Emlyn Williams",Pandro S. Berman,3842000,10878000,2.0724,6.788,193,[]
16094,House Party,1990-01-20,Comedy,Reginald Hudlin,"Christopher Reid, Christopher Martin, Paul Anthony, Bowlegged Lou, B-Fine",Warrington Hudlin,2500000,26385628,2.3049,6.375,260,[]
244539,Infinitely Polar Bear,2014-01-18,"Drama, Comedy",Maya Forbes,"Mark Ruffalo, Zoe Saldaña, Imogene Wolodarsky, Ashley Aufderheide, Wallace Wolodarsky","Benji Kohn, Bingo Gubelmann",6700000,1430655,1.3392,6.6,396,[]
1951,Manderlay,2005-06-03,Drama,Lars von Trier,"Bryce Dallas Howard, Isaach de Bankolé, Danny Glover, Willem Dafoe, Michaël Abiteboul",Vibeke Windeløv,14200000,674918,1.7928,6.884,396,[]
524369,The Many Saints of Newark,2021-09-22,"Crime, Drama",Alan Taylor,"Alessandro Nivola, Leslie Odom Jr., Michael Gandolfini, Ray Liotta, Michela De Rossi","Nicole Lambert, Lawrence Konner",50000000,13037403,2.2543,6.307,743,[]
5857,I Know Who Killed Me,2007-07-27,"Thriller, Horror, Mystery",Chris Sivertson,"Lindsay Lohan, Julia Ormond, Neal McDonough, Spencer Garrett, Gregory Itzin",Frank Mancuso Jr.,12000000,9620399,2.0526,4.5,394,[]
11374,EDtv,1999-03-26,Comedy,Ron Howard,"Matthew McConaughey, Woody Harrelson, Sally Kirkland, Jenna Elfman, Martin Landau","Ron Howard, Jeffrey T. Barabe",80000000,35242897,1.9744,6.0,684,[]
413052,Hacker,2016-09-15,"Crime, Drama, Thriller",Akan Satayev,"Callan McAuliffe, Lorraine Nicholson, Daniel Eric Gold, Clifton Collins Jr., Zachary Bennett","Akan Satayev, Sanzhar Sultan",2000000,11239,2.0731,6.3,336,[]
1051891,Thelma,2024-06-21,"Action, Comedy, Adventure",Josh Margolin,"June Squibb, Fred Hechinger, Richard Roundtree, Parker Posey, Clark Gregg","Nicholas Weinstock, Kat Barnette",5000000,12537071,2.5983,6.854,391,[]
313943,Revolt,2017-07-01,"Science Fiction, Action",Joe Miale,"Lee Pace, Bérénice Marlohe, Jason Flemyng, Sibulele Gcilitshana, Wandile Molebatsi","James Harris, Brian Kavanaugh-Jones",4000000,24416,1.7728,5.54,391,[]
19200,Shadows and Fog,1991-12-05,"Comedy, Mystery, Crime",Woody Allen,"Woody Allen, Mia Farrow, John Malkovich, John Cusack, Madonna",Robert Greenhut,14000000,2735731,1.3539,6.737,391,[]
592336,Don't Stop Me Now,2019-04-18,Comedy,Riccardo Milani,"Paola Cortellesi, Stefano Fresi, Vinicio Marchioni, Lucia Mascino, Ricky Memphis","Lorenzo Mieli, Mario Gianani",8000000,5000000,0.5238,6.3,389,[]
241771,Beyond the Lights,2014-11-14,"Romance, Drama",Gina Prince-Bythewood,"Gugu Mbatha-Raw, Nate Parker, Minnie Driver, mgk, Danny Glover","Stephanie Allain, Ryan Kavanaugh",7000000,14600000,1.4913,6.8,388,[]
13825,The Lazarus Project,2008-10-24,"Drama, Thriller",John Glenn,"Paul Walker, Piper Perabo, Lambert Wilson, Linda Cardellini, Shawn Hatosy","David Hoberman, Matt Milich",9750000,558000,5.1834,5.969,388,[]
637202,Fate/Grand Order the Movie: Divine Realm of the Round Table: Camelot 1 Wandering; Agateram,2020-12-05,"Animation, Action, Adventure, History, Drama, Fantasy",Kei Suezawa,"Mamoru Miyano, Nobunaga Shimazaki, Rie Takahashi, Ayako Kawasumi, Maaya Sakamoto","Shizuka Kurosaki, Genki Ito",2000000,3607899,1.8871,7.103,73,[]
14144,Daddy Day Camp,2007-08-08,"Family, Comedy",Fred Savage,"Cuba Gooding Jr., Tamala Jones, Paul Rae, Lochlyn Munro, Richard Gant","Jason Shuman, William Sherak",6000000,18197398,2.0047,4.861,502,[]
63493,The Ledge,2011-05-06,"Drama, Thriller",Matthew Chapman,"Charlie Hunnam, Liv Tyler, Terrence Howard, Patrick Wilson, Jaqueline Fleming","Mark Damon, Moshe Diamant",10000000,610986,1.3788,6.171,386,[]
11300,Something Wild,1986-11-07,"Crime, Comedy, Romance",Jonathan Demme,"Jeff Daniels, Melanie Griffith, Ray Liotta, George 'Red' Schwartz, Margaret Colin","Jonathan Demme, Kenneth Utt",7000000,8362969,1.7643,6.601,386,[]
511322,The Good Liar,2019-11-08,Crime,Bill Condon,"Helen Mirren, Ian McKellen, Russell Tovey, Jim Carter, Mark Lewis Jones","Greg Yolen, Bill Condon",10000000,33856058,2.6302,6.689,1254,[]
585268,War,2019-10-02,"Action, Thriller, Adventure",Siddharth Anand,"Hrithik Roshan, Tiger Shroff, Vaani Kapoor, Ashutosh Rana, Anupriya Goenka",Aditya Chopra,24140000,67540000,2.1432,6.737,375,[]
19824,Van Wilder: Freshman Year,2009-06-02,"Comedy, Romance",Harvey Glazer,"Jonathan Bennett, Kristin Cavallari, Kurt Fuller, Steve Talley, Nestor Aaron Absera","Robert L. Levy, Peter Abrams",6000000,20543,2.1482,5.4,346,[]
8885,Waltz with Bashir,2008-06-12,"Animation, Documentary, Drama, War",Ari Folman,"Ari Folman, Mickey Leon, Ori Sivan, Yehezkel Lazarov, Ronny Dayag","Roman Paul, Serge Lalou",1500000,11179372,1.7865,7.7,1041,[]
4435,Aśoka,2001-09-13,"Action, Adventure, Drama, History, Romance, War",Santosh Sivan,"Shah Rukh Khan, Kareena Kapoor Khan, Hrishitaa Bhatt, Danny Denzongpa, Sooraj Balaji","Shah Rukh Khan, Juhi Chawla Mehta",17000000,19000000,2.1406,6.453,160,[]
26594,The Secret,2006-03-26,Documentary,Drew Heriot,"Bob Proctor, Joe Vitale, John Assaraf, Loral Langemeier, Marie Diamond","Paul Harrington, Glenda Bell",3500000,65600000,1.901,6.549,381,[]
19556,Miss March,2009-03-13,"Comedy, Romance",Zach Cregger,"Zach Cregger, Trevor Moore, Raquel Alessi, Molly Stanton, Craig Robinson","Steven J. Wolfe, Tom Jacobson",6000000,4591629,1.7292,5.55,381,[]
1297842,GOAT,2026-02-11,"Animation, Comedy, Family",Tyree Dillihay,"Caleb McLaughlin, Gabrielle Union, Stephen Curry, Aaron Pierre, Nicola Coughlan","Erick Peyton, Michelle Raimo Kouyate",90000000,185932659,188.5952,7.911,386,[]
987,The Front Page,1974-11-01,Comedy,Billy Wilder,"Jack Lemmon, Walter Matthau, Susan Sarandon, Vincent Gardenia, David Wayne",Paul Monash,4000000,15000000,0.9925,7.316,381,[]
9582,A Guy Thing,2003-01-17,"Comedy, Romance",Chris Koch,"Jason Lee, Selma Blair, Julia Stiles, Shawn Hatosy, Lochlyn Munro","David Ladd, David Nicksay",20000000,17400000,2.5288,5.9,381,[]
28501,The Pit and the Pendulum,1961-08-12,"Horror, Mystery, Drama",Roger Corman,"Vincent Price, John Kerr, Barbara Steele, Luana Anders, Antony Carbone",Roger Corman,200000,2000000,0.912,6.848,379,[]
2436,Double Dragon,1994-11-04,"Action, Adventure, Comedy, Fantasy, Science Fiction",James Yukich,"Mark Dacascos, Scott Wolf, Robert Patrick, Kristina Wagner, Julia Nickson","Ash R. Shah, Alan Schechter",3500000,2341309,1.664,4.581,379,[]
12311,Mutiny on the Bounty,1935-11-22,"Adventure, Drama, History",Frank Lloyd,"Charles Laughton, Clark Gable, Franchot Tone, Herbert Mundin, Eddie Quillan","Irving Thalberg, Frank Lloyd",1950000,4460000,1.5588,7.4,379,[]
9842,School for Scoundrels,2006-09-29,"Comedy, Romance",Todd Phillips,"Jon Heder, Billy Bob Thornton, Jacinda Barrett, Sarah Silverman, Michael Clarke Duncan","Todd Phillips, Daniel Goldberg",20000000,17800000,1.4012,5.5,379,[]
408648,Batman and Harley Quinn,2017-07-21,"Adventure, Animation, Comedy, Crime",Sam Liu,"Kevin Conroy, Melissa Rauch, Paget Brewster, Loren Lester, Kevin Michael Richardson",,3500000,39091,1.7899,6.178,649,[]
921452,Jeanne du Barry,2023-05-16,"Drama, History, Romance",Maïwenn,"Maïwenn, Johnny Depp, Benjamin Lavernhe, Melvil Poupaud, Robin Renucci","Pascal Caucheteux, Grégoire Sorlat",22400000,13000000,2.0194,6.9,673,[]
476764,The Front Runner,2018-11-06,"Drama, History",Jason Reitman,"Hugh Jackman, Vera Farmiga, J.K. Simmons, Mark O'Brien, Molly Ephraim","Jason Reitman, Aaron L. Gilbert",25000000,3300000,1.3651,5.907,376,[]
4923,Zardoz,1974-02-06,"Fantasy, Action, Thriller, Science Fiction",John Boorman,"Sean Connery, Charlotte Rampling, Sara Kestelman, John Alderton, Sally Anne Newton",John Boorman,1570000,1800000,1.926,5.9,506,[]
980078,Winnie the Pooh: Blood and Honey,2023-01-26,Horror,Rhys Frake-Waterfield,"Nikolai Leon, Craig David Dowsett, Chris Cordell, Maria Taylor, Natasha Rose Mills","Scott Chambers, Rhys Frake-Waterfield",100000,7717044,1.8642,5.0,1551,[]
9416,Money Talks,1997-08-22,"Action, Comedy, Crime, Thriller",Brett Ratner,"Chris Tucker, Charlie Sheen, Heather Locklear, Elise Neal, Paul Gleason","Tracy Kramer, Walter Coblenz",25000000,48407611,2.0575,6.03,420,[]
9357,One Hour Photo,2002-08-21,"Drama, Thriller",Mark Romanek,"Robin Williams, Connie Nielsen, Michael Vartan, Gary Cole, Erin Daniels","Pamela Koffler, Christine Vachon",12000000,52223306,2.1063,6.647,1865,[]
10409,Strictly Ballroom,1992-08-20,"Comedy, Drama, Romance",Baz Luhrmann,"Paul Mercurio, Tara Morice, Bill Hunter, Pat Thomson, Gia Carides",Tristram Miall,3000000,33946224,1.3316,6.564,374,[]
13922,The Great Raid,2005-08-12,"Action, History, War",John Dahl,"Benjamin Bratt, James Franco, Connie Nielsen, Logan Marshall-Green, Joseph Fiennes","Lawrence Bender, Marty Katz",80000000,10166502,2.1104,6.525,374,[]
24548,Just One of the Guys,1985-04-26,"Comedy, Romance",Lisa Gottlieb,"Joyce Hyser, Clayton Rohner, Billy Jayne, William Zabka, Toni Hudson",Andrew Fogelson,11500000,11528900,1.9304,6.421,336,[]
557950,Mainstream,2021-05-07,"Comedy, Drama",Gia Coppola,"Andrew Garfield, Maya Hawke, Nat Wolff, Jason Schwartzman, Johnny Knoxville","Fred Berger, Jack Heller",5000000,49638,2.11,6.3,371,[]
373449,2.0,2018-11-29,"Action, Science Fiction, Fantasy",Shankar,"Rajinikanth, Akshay Kumar, Amy Jackson, Sudhanshu Pandey, Adil Hussain","Allirajah Subaskaran, Raju Mahalingam",77000000,114629169,2.1301,5.861,173,[]
408539,Paradise,2016-09-01,"Drama, War",Andrei Konchalovsky,"Yuliya Vysotskaya, Philippe Duquesne, Viktor Sukhorukov, Vera Voronkova, Jakob Diehl","Florian Deyle, Andrei Konchalovsky",5444966,945991,1.829,7.0,52,[]
17894,The Beautician and the Beast,1997-02-07,"Comedy, Romance",Ken Kwapis,"Fran Drescher, Timothy Dalton, Michael Lerner, Ian McNeice, Patrick Malahide","Hawk Koch, Todd Graff",16000000,11486880,1.1705,6.7,369,[]
25147,Jude,1996-02-06,"Drama, Romance",Michael Winterbottom,"Kate Winslet, Christopher Eccleston, Liam Cunningham, Rachel Griffiths, June Whitfield",Andrew Eaton,7000000,409144,1.9577,6.3,139,[]
174733,Metro,2013-02-21,"Action, Thriller",Anton Megerdichev,"Sergey Puskepalis, Anatoliy Belyy, Svetlana Khodchenkova, Katerina Shpitsa, Stanislav Duzhnikov","Igor Tolstunov, Sergey Kozlov",13000000,4463059,1.6016,6.7,367,[]
26338,Romance,1999-04-14,"Drama, Romance",Catherine Breillat,"Caroline Ducey, Sagamore Stévenin, François Berléand, Rocco Siffredi, Reza Habouhossein",Jean-François Lepetit,2700000,3885642,2.0847,5.441,298,[]
10946,Earth,2007-10-10,Documentary,Alastair Fothergill,"Patrick Stewart, Constantino Romero, James Earl Jones, Ken Watanabe, Ulrich Tukur","Sophokles Tasioulis, Alix Tidmarsh",15000000,109000000,1.8291,7.6,365,[]
452773,"Tad, the Lost Explorer, and the Secret of King Midas",2017-03-25,"Animation, Adventure, Comedy, Family",Enrique Gato,"Óscar Barberán, Michelle Jenner, Adriana Ugarte, Luis Posada, Miguel Ángel Jenner","Gabriel Arias-Salgado, Álvaro Augustín",10778400,34156960,1.8057,6.7,434,[]
185341,[REC]⁴ Apocalypse,2014-10-31,"Thriller, Horror",Jaume Balagueró,"Manuela Velasco, Paco Manzanedo, Héctor Colomé, Ismael Fritschi, Críspulo Cabezas",Julio Fernández,3000000,4915757,2.2805,5.617,1256,[]
13637,Sukiyaki Western Django,2007-09-15,"Adventure, Action, Comedy, Western, Thriller",Takashi Miike,"Hideaki Ito, Koichi Sato, Yūsuke Iseya, Kaori Momoi, Teruyuki Kagawa",Masao Ôwaki,3800000,2725258,1.6411,6.2,361,[]
343701,Bunny the Killer Thing,2015-11-06,"Action, Comedy, Horror",Joonas Makkonen,"Hiski Hämäläinen, Enni Ojutkangas, Veera W. Vilo, Jari Manninen, Katja Jaskari",Miika J. Norvanto,1000000,11082,1.6151,4.4,81,[]
2989,Roar,1981-10-30,"Adventure, Comedy, Horror, Thriller",Noel Marshall,"Tippi Hedren, Melanie Griffith, John Marshall, Jerry Marshall, Kyalo Mativo","Tippi Hedren, Noel Marshall",17000000,2000000,1.6776,5.9,129,[]
10859,Stakeout,1987-08-05,"Action, Comedy, Romance",John Badham,"Richard Dreyfuss, Emilio Estevez, Madeleine Stowe, Aidan Quinn, Dan Lauria","John Badham, Cathleen Summers",14500000,65673233,1.8859,6.465,445,[]
11558,Silver Streak,1976-12-03,"Comedy, Crime, Romance, Thriller, Action",Arthur Hiller,"Gene Wilder, Jill Clayburgh, Richard Pryor, Patrick McGoohan, Ned Beatty","Edward K. Milkis, Thomas L. Miller",6500000,51100000,1.6658,6.7,360,[]
454283,Action Point,2018-06-01,Comedy,Tim Kirkby,"Johnny Knoxville, Chris Pontius, Clover Nee, Eleanor Worthington-Cox, Susan Yeagley","Bill Gerber, Johnny Knoxville",19000000,5059608,0.8498,5.443,359,[]
15765,What's Love Got to Do with It,1993-06-09,"Drama, Music, History",Brian Gibson,"Angela Bassett, Laurence Fishburne, Vanessa Bell Calloway, Jenifer Lewis, Khandi Alexander","Barry Krost, Doug Chapin",15000000,39100000,2.0678,7.0,358,[]
960258,Shark Bait,2022-05-13,"Horror, Thriller, Action, Adventure",James Nunn,"Holly Earl, Jack Trueman, Catherine Hannay, Malachi Pullar-Latchman, Thomas Michael Flynn","Andrew Prendergast, Chris Reed",5000000,1824152,1.8029,5.699,357,[]
375108,Mafia: Survival Game,2016-01-01,"Action, Science Fiction",Sarik Andreasyan,"Viktor Verzhbitskiy, Venyamin Smekhov, Vyacheslav Razbegaev, Olga Tumaykina, Andrey Chadov","Sarik Andreasyan, Gevond Andreasyan",2570000,4026795,1.7166,4.4,109,[]
15767,Godzilla: Final Wars,2004-12-04,"Action, Adventure, Science Fiction, Fantasy, Thriller",Ryuhei Kitamura,"Masahiro Matsuoka, Rei Kikukawa, Don Frye, Maki Mizuno, Kazuki Kitamura",Kazunari Yamanaka,19500000,12000000,4.2728,7.1,356,[]
664332,Gangubai Kathiawadi,2022-02-24,"Crime, Drama, History",Sanjay Leela Bhansali,"Alia Bhatt, Ajay Devgn, Shantanu Maheshwari, Indira Tiwari, Seema Pahwa","Dhaval Jayantilal Gada, Sanjay Leela Bhansali",12000000,25300000,2.1268,7.5,185,[]
603206,Dream Horse,2021-05-21,"Comedy, Drama",Euros Lyn,"Toni Collette, Owen Teale, Damian Lewis, Karl Johnson, Siân Phillips","Katherine Butler, Tracy O'Riordan",20000000,6435260,1.944,7.0,136,[]
826510,Harold and the Purple Crayon,2024-07-31,"Family, Comedy, Adventure, Fantasy",Carlos Saldanha,"Zachary Levi, Lil Rel Howery, Zooey Deschanel, Benjamin Bottani, Tanya Reynolds",John Davis,40000000,32227855,3.1457,6.639,353,[]
16214,Hooper,1978-07-28,"Action, Comedy",Hal Needham,"Burt Reynolds, Jan-Michael Vincent, Sally Field, Brian Keith, John Marley","Hank Moonjean, Burt Reynolds",6000000,78000000,2.0978,6.286,138,[]
371560,The Eyes of My Mother,2016-12-02,"Drama, Horror",Nicolas Pesce,"Kika Magalhães, Diana Agostini, Will Brill, Clara Wong, Olivia Bond","Jacob Wasserman, Schuyler Weiss",300000,48539,0.8492,6.2,352,[]
693113,Midnight in the Switchgrass,2021-07-23,"Crime, Mystery, Thriller, Action",Randall Emmett,"Megan Fox, Bruce Willis, Emile Hirsch, Lukas Haas, Caitlin Carmichael","Randall Emmett, George Furla",15000000,229811,1.996,5.822,474,[]
9278,Freejack,1992-01-17,"Science Fiction, Action, Crime, Drama",Geoff Murphy,"Emilio Estevez, Mick Jagger, Rene Russo, Anthony Hopkins, Jonathan Banks","Stuart Oken, Ronald Shusett",30000000,17129026,2.21,5.5,350,[]
67748,Snowtown,2011-05-19,"Crime, Drama",Justin Kurzel,"Lucas Pittaway, Daniel Henshall, Louise Harris, Frank Cwertniak, Matthew Howard","Anna McLeish, Sarah Shaw",2000000,1349387,1.5905,6.305,349,[]
206296,The Last Five Years,2014-11-03,"Comedy, Drama, Music, Romance",Richard LaGravenese,"Anna Kendrick, Jeremy Jordan, Natalie Knepp, Bettina Bresnan, Marceline Hugot","Richard LaGravenese, Janet Brenner",3500000,292092,1.1177,5.9,349,[]
19724,Imagine That,2009-06-19,"Family, Comedy, Fantasy",Karey Kirkpatrick,"Eddie Murphy, Thomas Haden Church, Yara Shahidi, Ronny Cox, Stephen Rannazzisi","Lorenzo di Bonaventura, Ed Solomon",55000000,23000000,1.7155,5.976,592,[]
127517,Disconnect,2013-04-12,"Drama, Thriller",Henry Alex Rubin,"Jason Bateman, Hope Davis, Frank Grillo, Michael Nyqvist, Paula Patton","William Horberg, Mickey Liddell",10000000,3428048,2.1169,7.059,1205,[]
16227,Dark Passage,1947-09-05,"Thriller, Mystery",Delmer Daves,"Humphrey Bogart, Lauren Bacall, Bruce Bennett, Agnes Moorehead, Tom D'Andrea",Jerry Wald,1678000,3430000,1.5419,7.287,348,[]
539892,Freaks,2019-09-12,"Science Fiction, Thriller",Zach Lipovsky,"Emile Hirsch, Bruce Dern, Grace Park, Amanda Crew, Lexy Kolker","Zach Lipovsky, Adam B. Stein",2000,368410,2.2223,6.746,1256,[]
9081,Waking Life,2001-10-19,"Animation, Drama, Fantasy",Richard Linklater,"Ethan Hawke, Julie Delpy, Wiley Wiggins, Bill Wise, Alex E. Jones","Tommy Pallotta, Jonah Smith",2000000,3176880,2.1873,7.477,940,[]
13751,Akeelah and the Bee,2006-04-28,Drama,Doug Atchison,"Keke Palmer, Laurence Fishburne, Angela Bassett, Curtis Armstrong, J.R. Villarreal","Nancy Hult Ganis, Laurence Fishburne",8000000,18948425,1.9248,7.0,346,[]
272435,Gemma Bovery,2014-09-10,"Romance, Drama, Comedy",Anne Fontaine,"Gemma Arterton, Jason Flemyng, Fabrice Luchini, Elsa Zylberstein, Isabelle Candelier","Philippe Carcassonne, Faye Ward",9700000,154701,1.6474,6.152,345,[]
26444,Death Hunt,1981-04-15,"Action, Adventure, Western",Peter R. Hunt,"Charles Bronson, Lee Marvin, Andrew Stevens, Carl Weathers, Ed Lauter",Murray Shostak,10000000,5000000,2.2096,6.619,197,[]
